"","Year","Location","Genotype","Amylose","Crude.Fiber"
"1","2020","Otobi","IITA-TMS-IBA30572",11.385,0.67
"2","2020","Otobi","NR17C2aF103P001",12.382,2.67
"3","2020","Otobi","NR17C2aF10P002",9.362,1.67
"4","2020","Otobi","NR17C2aF10P006",11.023,2.33
"5","2020","Otobi","NR17C2aF10P017",13.771,2
"6","2020","Otobi","NR17C2aF10P025",13.046,1.67
"7","2020","Otobi","NR17C2aF114P002",14.194,2
"8","2020","Otobi","NR17C2aF121P001",14.164,2
"9","2020","Otobi","NR17C2aF12P001",11.144,2
"10","2020","Otobi","NR17C2aF13P001",10.177,3
"11","2020","Otobi","NR17C2aF14P016",10.449,1.67
"12","2020","Otobi","NR17C2aF15P016",9.151,3.33
"13","2020","Otobi","NR17C2aF16P013",9.211,2
"14","2020","Otobi","NR17C2aF21P004",10.842,1.67
"15","2020","Otobi","NR17C2aF28P002",12.986,2.67
"16","2020","Otobi","NR17C2aF33P002",12.835,1.67
"17","2020","Otobi","NR17C2aF54P010",9.936,2
"18","2020","Otobi","NR17C2aF60P006",8.547,2
"19","2020","Otobi","NR17C2aF60P009",9.513,2.67
"20","2020","Otobi","NR17C2aF61P003",10.026,2
"21","2020","Otobi","NR17C2aF62P020",11.204,2
"22","2020","Otobi","NR17C2aF62P027",11.053,2
"23","2020","Otobi","NR17C2aF65P017",13.379,1.67
"24","2020","Otobi","NR17C2aF65P027",14.496,3
"25","2020","Otobi","NR17C2aF6P044",12.775,2.33
"26","2020","Otobi","NR17C2aF70P007",13.077,1.67
"27","2020","Otobi","NR17C2aF79P005",10.691,1.67
"28","2020","Otobi","NR17C2aF7P007",12.382,2.67
"29","2020","Otobi","NR17C2aF7P062",10.449,2.33
"30","2020","Otobi","NR17C2aF81P002",8.547,3
"31","2020","Otobi","NR17C2aF83P018",13.318,2.67
"32","2020","Otobi","NR17C2aF89P003",14.103,2.33
"33","2020","Otobi","NR17C2aF89P014",12.201,2.33
"34","2020","Otobi","NR17C2aF89P028",12.201,2.67
"35","2020","Otobi","NR17C2aF89P084",16.248,3
"36","2020","Otobi","NR17C2aF90P008",12.05,2
"37","2020","Otobi","NR17C2aF97P002",10.419,2
"38","2020","Otobi","NR17C2aF99P002",10.087,1.67
"39","2020","Otobi","TMEB419",8.577,1.67
"40","2020","Otobi","TMEB7",10.389,2
"41","2020","Umudike","IITA-TMS-IBA30572",10.63,1
"42","2020","Umudike","NR17C2aF10P002",17.305,1.33
"43","2020","Umudike","NR17C2aF10P017",15.402,1.67
"44","2020","Umudike","NR17C2aF10P025",14.647,1.33
"45","2020","Umudike","NR17C2aF10P036",11.597,2.67
"46","2020","Umudike","NR17C2aF114P002",8.758,2.33
"47","2020","Umudike","NR17C2aF121P001",10.661,1.67
"48","2020","Umudike","NR17C2aF12P001",12.533,2
"49","2020","Umudike","NR17C2aF13P001",10.298,2
"50","2020","Umudike","NR17C2aF15P016",12.412,2
"51","2020","Umudike","NR17C2aF16P013",13.197,0.67
"52","2020","Umudike","NR17C2aF1P009",13.379,2.66
"53","2020","Umudike","NR17C2aF21P004",10.208,1.33
"54","2020","Umudike","NR17C2aF28P002",15.644,2.33
"55","2020","Umudike","NR17C2aF46P005",10.359,1.66
"56","2020","Umudike","NR17C2aF54P010",11.325,1.67
"57","2020","Umudike","NR17C2aF60P015",9.453,2.67
"58","2020","Umudike","NR17C2aF61P003",8.365,2
"59","2020","Umudike","NR17C2aF62P027",4.621,1.33
"60","2020","Umudike","NR17C2aF65P027",12.05,4
"61","2020","Umudike","NR17C2aF6P044",10.359,2
"62","2020","Umudike","NR17C2aF70P007",7.822,2
"63","2020","Umudike","NR17C2aF7P007",7.339,2
"64","2020","Umudike","NR17C2aF82P008",10.238,1.67
"65","2020","Umudike","NR17C2aF87P011",9.271,2.67
"66","2020","Umudike","NR17C2aF89P002",10.57,2
"67","2020","Umudike","NR17C2aF89P010",9.634,2
"68","2020","Umudike","NR17C2aF89P028",10.208,2.33
"69","2020","Umudike","NR17C2aF89P084",11.023,3.33
"70","2020","Umudike","NR17C2aF97P002",9.664,1.67
"71","2020","Umudike","TMEB7",17.305,2.33
"72","2021","Otobi","IITA-TMS-IBA00070",16.55,0.63
"73","2021","Otobi","IITA-TMS-IBA30572",18.57,1.67
"74","2021","Otobi","NR17C2aF103P001",NA,0.9
"75","2021","Otobi","NR17C2aF10P001",14.5,2.67
"76","2021","Otobi","NR17C2aF10P002",14.44,1.66
"77","2021","Otobi","NR17C2aF10P006",15.01,1.66
"78","2021","Otobi","NR17C2aF10P016",16.79,1.67
"79","2021","Otobi","NR17C2aF10P017",23.83,0.9
"80","2021","Otobi","NR17C2aF10P021",18.33,1.99
"81","2021","Otobi","NR17C2aF10P025",NA,2.67
"82","2021","Otobi","NR17C2aF114P002",19.81,2.67
"83","2021","Otobi","NR17C2aF114P004",21.53,0.53
"84","2021","Otobi","NR17C2aF120P002",13.95,1.27
"85","2021","Otobi","NR17C2aF121P001",15.7,2.67
"86","2021","Otobi","NR17C2aF12P001",18.88,1.99
"87","2021","Otobi","NR17C2aF13P001",19.6,3.65
"88","2021","Otobi","NR17C2aF14P014",20.17,1.67
"89","2021","Otobi","NR17C2aF14P016",16.97,2.33
"90","2021","Otobi","NR17C2aF15P003",15.25,2.33
"91","2021","Otobi","NR17C2aF15P011",17.06,NA
"92","2021","Otobi","NR17C2aF15P016",22.83,1.99
"93","2021","Otobi","NR17C2aF15P022",15.28,2.99
"94","2021","Otobi","NR17C2aF15P032",14.8,2.99
"95","2021","Otobi","NR17C2aF15P041",18.54,0.67
"96","2021","Otobi","NR17C2aF16P003",15.76,4.33
"97","2021","Otobi","NR17C2aF16P004",14.95,2.03
"98","2021","Otobi","NR17C2aF16P010",17.67,2.33
"99","2021","Otobi","NR17C2aF16P013",12.4,2.66
"100","2021","Otobi","NR17C2aF18P008",19.3,4.33
"101","2021","Otobi","NR17C2aF18P015",22.59,2.33
"102","2021","Otobi","NR17C2aF18P018",16.73,3.33
"103","2021","Otobi","NR17C2aF1P003",13.23,2
"104","2021","Otobi","NR17C2aF1P006",18.51,1.33
"105","2021","Otobi","NR17C2aF1P009",19.27,2.33
"106","2021","Otobi","NR17C2aF21P004",14.8,1.37
"107","2021","Otobi","NR17C2aF27P001",18.78,3
"108","2021","Otobi","NR17C2aF28P002",19.72,4
"109","2021","Otobi","NR17C2aF29P001",18.94,3.33
"110","2021","Otobi","NR17C2aF33P002",17.76,1.13
"111","2021","Otobi","NR17C2aF33P003",18.19,1.47
"112","2021","Otobi","NR17C2aF35P004",15.1,2
"113","2021","Otobi","NR17C2aF37P001",18.81,2.17
"114","2021","Otobi","NR17C2aF39P002",15.79,1.1
"115","2021","Otobi","NR17C2aF3P010",17.97,1.33
"116","2021","Otobi","NR17C2aF40P004",16.91,2.33
"117","2021","Otobi","NR17C2aF46P012",23.86,2.67
"118","2021","Otobi","NR17C2aF49P006",24.13,1.66
"119","2021","Otobi","NR17C2aF54P001",16.4,1.7
"120","2021","Otobi","NR17C2aF54P002",19.33,2.66
"121","2021","Otobi","NR17C2aF54P010",15.89,1.99
"122","2021","Otobi","NR17C2aF54P012",15.4,1.67
"123","2021","Otobi","NR17C2aF54P015",19.16,2
"124","2021","Otobi","NR17C2aF5P017",20.6,4
"125","2021","Otobi","NR17C2aF5P022",19,1.33
"126","2021","Otobi","NR17C2aF5P026",19,2.66
"127","2021","Otobi","NR17C2aF60P003",18.51,1.67
"128","2021","Otobi","NR17C2aF60P009",16.25,2.66
"129","2021","Otobi","NR17C2aF60P010",15.55,2.67
"130","2021","Otobi","NR17C2aF60P012",17.67,3.33
"131","2021","Otobi","NR17C2aF60P015",15.28,1.66
"132","2021","Otobi","NR17C2aF60P020",13.38,2.67
"133","2021","Otobi","NR17C2aF61P002",16.19,2.33
"134","2021","Otobi","NR17C2aF61P003",16.94,1.7
"135","2021","Otobi","NR17C2aF61P004",16.01,1.5
"136","2021","Otobi","NR17C2aF61P006",18.3,2.99
"137","2021","Otobi","NR17C2aF61P007",16.85,3.32
"138","2021","Otobi","NR17C2aF61P008",14.47,1.57
"139","2021","Otobi","NR17C2aF61P009",15.37,1.72
"140","2021","Otobi","NR17C2aF61P010",15.31,1.77
"141","2021","Otobi","NR17C2aF61P011",14.59,2.67
"142","2021","Otobi","NR17C2aF61P013",19.09,0.67
"143","2021","Otobi","NR17C2aF61P015",10.96,2.33
"144","2021","Otobi","NR17C2aF61P016",20.23,2
"145","2021","Otobi","NR17C2aF62P015",18.84,2.33
"146","2021","Otobi","NR17C2aF62P020",18.48,2.66
"147","2021","Otobi","NR17C2aF62P024",18,0.5
"148","2021","Otobi","NR17C2aF62P027",15.37,1.67
"149","2021","Otobi","NR17C2aF65P009",19.45,3.67
"150","2021","Otobi","NR17C2aF65P017",16.97,1.43
"151","2021","Otobi","NR17C2aF65P020",17.46,1.67
"152","2021","Otobi","NR17C2aF65P027",17.56,2.655
"153","2021","Otobi","NR17C2aF65P031",19.3,3.67
"154","2021","Otobi","NR17C2aF66P002",17.52,5
"155","2021","Otobi","NR17C2aF66P003",15.13,3
"156","2021","Otobi","NR17C2aF66P014",19.6,3.67
"157","2021","Otobi","NR17C2aF69P009",NA,1.1
"158","2021","Otobi","NR17C2aF6P006",15.76,2.33
"159","2021","Otobi","NR17C2aF6P007",19.45,2.66
"160","2021","Otobi","NR17C2aF6P030",18.12,1.3
"161","2021","Otobi","NR17C2aF6P044",15.37,2.67
"162","2021","Otobi","NR17C2aF6P045",17.24,2.33
"163","2021","Otobi","NR17C2aF6P046",16.37,2.4
"164","2021","Otobi","NR17C2aF70P001",22.74,0.9
"165","2021","Otobi","NR17C2aF70P008",10.15,2.66
"166","2021","Otobi","NR17C2aF71P001",22.71,2.67
"167","2021","Otobi","NR17C2aF79P001",15.55,0.9
"168","2021","Otobi","NR17C2aF79P005",19.72,1.67
"169","2021","Otobi","NR17C2aF79P007",NA,1.66
"170","2021","Otobi","NR17C2aF79P008",NA,2.67
"171","2021","Otobi","NR17C2aF79P016",16.67,0.7
"172","2021","Otobi","NR17C2aF7P007",23.44,13.29
"173","2021","Otobi","NR17C2aF7P008",17.33,1.7
"174","2021","Otobi","NR17C2aF7P011",19.24,19.67
"175","2021","Otobi","NR17C2aF7P013",15.7,1.33
"176","2021","Otobi","NR17C2aF7P017",19.3,2
"177","2021","Otobi","NR17C2aF7P018",10.54,0.93
"178","2021","Otobi","NR17C2aF7P023",18.88,1.67
"179","2021","Otobi","NR17C2aF7P030",19.33,1.66
"180","2021","Otobi","NR17C2aF7P034",16.04,1.33
"181","2021","Otobi","NR17C2aF7P036",16.16,1.66
"182","2021","Otobi","NR17C2aF7P043",19.72,1.99
"183","2021","Otobi","NR17C2aF7P044",18.91,3
"184","2021","Otobi","NR17C2aF7P045",19,3.33
"185","2021","Otobi","NR17C2aF7P052",20.39,2.33
"186","2021","Otobi","NR17C2aF7P062",17.49,1.03
"187","2021","Otobi","NR17C2aF7P065",19.78,0.63
"188","2021","Otobi","NR17C2aF7P067",19.6,2.33
"189","2021","Otobi","NR17C2aF7P070",17.61,1.67
"190","2021","Otobi","NR17C2aF7P071",13.47,1.67
"191","2021","Otobi","NR17C2aF81P003",18,1.33
"192","2021","Otobi","NR17C2aF82P002",18.97,1.07
"193","2021","Otobi","NR17C2aF82P005",17.14,2.45
"194","2021","Otobi","NR17C2aF82P008",NA,2.33
"195","2021","Otobi","NR17C2aF83P010",20.63,2.33
"196","2021","Otobi","NR17C2aF83P018",18,2.33
"197","2021","Otobi","NR17C2aF84P004",NA,2.33
"198","2021","Otobi","NR17C2aF87P010",16.46,2.66
"199","2021","Otobi","NR17C2aF87P011",19.63,2.99
"200","2021","Otobi","NR17C2aF89P002",16.1,2.33
"201","2021","Otobi","NR17C2aF89P003",17.85,1.67
"202","2021","Otobi","NR17C2aF89P009",15.55,1.3
"203","2021","Otobi","NR17C2aF89P010",16.64,1.63
"204","2021","Otobi","NR17C2aF89P013",18.39,1.23
"205","2021","Otobi","NR17C2aF89P014",16.13,1.5
"206","2021","Otobi","NR17C2aF89P018",19.45,2.33
"207","2021","Otobi","NR17C2aF89P020",18.36,1.27
"208","2021","Otobi","NR17C2aF89P021",13.74,1.93
"209","2021","Otobi","NR17C2aF89P028",17.43,3.33
"210","2021","Otobi","NR17C2aF89P041",20.9,2.66
"211","2021","Otobi","NR17C2aF89P045",18.33,2.33
"212","2021","Otobi","NR17C2aF89P050",16.31,3.32
"213","2021","Otobi","NR17C2aF89P054",18.78,2.66
"214","2021","Otobi","NR17C2aF89P056",17.49,1.97
"215","2021","Otobi","NR17C2aF89P058",19.48,1.67
"216","2021","Otobi","NR17C2aF89P067",17.15,2.33
"217","2021","Otobi","NR17C2aF89P069",15.37,1.53
"218","2021","Otobi","NR17C2aF89P071",15.92,2.33
"219","2021","Otobi","NR17C2aF89P084",23.13,1.66
"220","2021","Otobi","NR17C2aF89P088",21.11,2.99
"221","2021","Otobi","NR17C2aF89P091",24.49,2.33
"222","2021","Otobi","NR17C2aF89P096",15.4,2.33
"223","2021","Otobi","NR17C2aF89P102",18.78,2.67
"224","2021","Otobi","NR17C2aF90P001",18.42,1.87
"225","2021","Otobi","NR17C2aF90P007",17.64,1.33
"226","2021","Otobi","NR17C2aF91P001",18.72,2.33
"227","2021","Otobi","NR17C2aF91P004",17.46,1.83
"228","2021","Otobi","NR17C2aF91P006",18.15,2.66
"229","2021","Otobi","NR17C2aF91P008",8.97,1.7
"230","2021","Otobi","NR17C2aF91P011",12.99,2.99
"231","2021","Otobi","NR17C2aF92P001",22.02,3.33
"232","2021","Otobi","NR17C2aF92P002",18.33,1.66
"233","2021","Otobi","NR17C2aF92P003",16.88,2.33
"234","2021","Otobi","NR17C2aF92P005",13.8,3
"235","2021","Otobi","NR17C2aF93P009",18.21,2.99
"236","2021","Otobi","NR17C2aF93P010",14.1,1.37
"237","2021","Otobi","NR17C2aF94P013",17.97,3.67
"238","2021","Otobi","NR17C2aF95P003",15.58,0.93
"239","2021","Otobi","NR17C2aF95P011",15.16,3
"240","2021","Otobi","NR17C2aF95P015",18.39,1.73
"241","2021","Otobi","NR17C2aF95P021",18.12,2.33
"242","2021","Otobi","NR17C2aF96P004",16.88,3.67
"243","2021","Otobi","NR17C2aF97P002",11.93,2.57
"244","2021","Otobi","NR17C2aF98P001",17.46,1.67
"245","2021","Otobi","NR17C2aF99P002",16.94,2.33
"246","2021","Otobi","NR17C2aF9P010",19.18,2.99
"247","2021","Otobi","NR17C2aF9P013",19.6,1.03
"248","2021","Otobi","NR8082",19.24,2
"249","2021","Otobi","TMEB419",23.86,1.27
"250","2021","Otobi","TMEB7",16.07,1.66
"251","2022","Otobi","IITA-TMS-IBA00070",NA,1.99
"252","2022","Otobi","IITA-TMS-IBA30572",15.372,1.99
"253","2022","Otobi","NR17C2aF103P001",17.123,2.67
"254","2022","Otobi","NR17C2aF10P001",13.137,2.33
"255","2022","Otobi","NR17C2aF10P002",15.523,3.33
"256","2022","Otobi","NR17C2aF10P006",16.399,2
"257","2022","Otobi","NR17C2aF10P016",NA,3.32
"258","2022","Otobi","NR17C2aF10P017",19.449,2
"259","2022","Otobi","NR17C2aF10P021",NA,1.66
"260","2022","Otobi","NR17C2aF10P025",14.345,2.33
"261","2022","Otobi","NR17C2aF114P004",17.274,1.67
"262","2022","Otobi","NR17C2aF120P002",17.154,3
"263","2022","Otobi","NR17C2aF121P001",12.412,2.33
"264","2022","Otobi","NR17C2aF121P005",14.436,4.33
"265","2022","Otobi","NR17C2aF12P001",20.838,3
"266","2022","Otobi","NR17C2aF13P001",20.415,2.66
"267","2022","Otobi","NR17C2aF14P014",18.845,2.33
"268","2022","Otobi","NR17C2aF14P016",15.764,2.66
"269","2022","Otobi","NR17C2aF15P003",12.624,3
"270","2022","Otobi","NR17C2aF15P011",9.604,2.33
"271","2022","Otobi","NR17C2aF15P016",18.966,3.33
"272","2022","Otobi","NR17C2aF15P022",16.489,3.32
"273","2022","Otobi","NR17C2aF15P032",18.513,1.67
"274","2022","Otobi","NR17C2aF16P003",20.083,3
"275","2022","Otobi","NR17C2aF16P004",23.224,2.33
"276","2022","Otobi","NR17C2aF16P010",15.734,2.33
"277","2022","Otobi","NR17C2aF16P013",18.029,2.33
"278","2022","Otobi","NR17C2aF18P008",16.459,3.65
"279","2022","Otobi","NR17C2aF18P015",12.201,2.33
"280","2022","Otobi","NR17C2aF18P018",15.674,2.67
"281","2022","Otobi","NR17C2aF19P002",15.976,2.66
"282","2022","Otobi","NR17C2aF1P003",17.123,2
"283","2022","Otobi","NR17C2aF1P006",17.818,2
"284","2022","Otobi","NR17C2aF1P009",16.097,1.67
"285","2022","Otobi","NR17C2aF21P004",15.16,2.67
"286","2022","Otobi","NR17C2aF27P001",18.211,2
"287","2022","Otobi","NR17C2aF28P002",18.815,3.33
"288","2022","Otobi","NR17C2aF29P001",17.939,4
"289","2022","Otobi","NR17C2aF33P002",14.285,1.99
"290","2022","Otobi","NR17C2aF33P003",17.788,2.67
"291","2022","Otobi","NR17C2aF35P004",15.704,2
"292","2022","Otobi","NR17C2aF37P001",17.093,2
"293","2022","Otobi","NR17C2aF39P002",19.6,1.99
"294","2022","Otobi","NR17C2aF40P004",18.815,2
"295","2022","Otobi","NR17C2aF46P012",11.899,2.33
"296","2022","Otobi","NR17C2aF49P006",19.117,2.67
"297","2022","Otobi","NR17C2aF54P001",17.033,2.33
"298","2022","Otobi","NR17C2aF54P002",18.664,2.67
"299","2022","Otobi","NR17C2aF54P010",17.003,1.33
"300","2022","Otobi","NR17C2aF54P015",14.315,2
"301","2022","Otobi","NR17C2aF5P017",13.59,2.67
"302","2022","Otobi","NR17C2aF5P026",16.399,2.33
"303","2022","Otobi","NR17C2aF60P003",19.781,2
"304","2022","Otobi","NR17C2aF60P006",30.653,1.33
"305","2022","Otobi","NR17C2aF60P007",20.838,1.99
"306","2022","Otobi","NR17C2aF60P009",21.291,1.99
"307","2022","Otobi","NR17C2aF60P010",12.442,2.33
"308","2022","Otobi","NR17C2aF60P012",16.459,2.67
"309","2022","Otobi","NR17C2aF60P015",18.392,1.67
"310","2022","Otobi","NR17C2aF60P019",15.613,3.32
"311","2022","Otobi","NR17C2aF60P020",23.224,1.67
"312","2022","Otobi","NR17C2aF61P002",16.882,3
"313","2022","Otobi","NR17C2aF61P003",17.697,1.33
"314","2022","Otobi","NR17C2aF61P004",20.657,1.99
"315","2022","Otobi","NR17C2aF61P006",16.127,2.99
"316","2022","Otobi","NR17C2aF61P007",18.331,2
"317","2022","Otobi","NR17C2aF61P008",15.009,2
"318","2022","Otobi","NR17C2aF61P009",15.915,2.33
"319","2022","Otobi","NR17C2aF61P010",12.05,1.67
"320","2022","Otobi","NR17C2aF61P011",18.18,2
"321","2022","Otobi","NR17C2aF61P013",17.637,1.67
"322","2022","Otobi","NR17C2aF61P015",16.066,1.67
"323","2022","Otobi","NR17C2aF61P016",19.026,0.07
"324","2022","Otobi","NR17C2aF62P015",21.835,1.33
"325","2022","Otobi","NR17C2aF62P020",17.878,1.33
"326","2022","Otobi","NR17C2aF62P027",17.365,1.67
"327","2022","Otobi","NR17C2aF65P009",16.58,2
"328","2022","Otobi","NR17C2aF65P020",17.033,2
"329","2022","Otobi","NR17C2aF65P024",15.523,3.33
"330","2022","Otobi","NR17C2aF65P027",17.154,3.65
"331","2022","Otobi","NR17C2aF65P031",16.127,3
"332","2022","Otobi","NR17C2aF66P002",15.372,2.33
"333","2022","Otobi","NR17C2aF66P003",15.553,2.33
"334","2022","Otobi","NR17C2aF66P014",24.311,2.66
"335","2022","Otobi","NR17C2aF69P009",18.331,3
"336","2022","Otobi","NR17C2aF6P006",16.127,2.67
"337","2022","Otobi","NR17C2aF6P007",18.029,1.99
"338","2022","Otobi","NR17C2aF6P030",18.543,2.33
"339","2022","Otobi","NR17C2aF6P044",18.543,1.66
"340","2022","Otobi","NR17C2aF6P045",14.436,2.67
"341","2022","Otobi","NR17C2aF6P046",19.6,2.67
"342","2022","Otobi","NR17C2aF70P001",15.13,1.99
"343","2022","Otobi","NR17C2aF70P007",22.439,2
"344","2022","Otobi","NR17C2aF70P008",17.546,2
"345","2022","Otobi","NR17C2aF71P001",18.603,2.33
"346","2022","Otobi","NR17C2aF79P001",15.583,1.33
"347","2022","Otobi","NR17C2aF79P005",19.66,1.66
"348","2022","Otobi","NR17C2aF79P007",13.197,1.67
"349","2022","Otobi","NR17C2aF79P008",20.657,2
"350","2022","Otobi","NR17C2aF79P016",17.274,2.33
"351","2022","Otobi","NR17C2aF7P007",23.254,1.67
"352","2022","Otobi","NR17C2aF7P008",22.318,1.66
"353","2022","Otobi","NR17C2aF7P011",15.251,1.67
"354","2022","Otobi","NR17C2aF7P013",14.707,1.66
"355","2022","Otobi","NR17C2aF7P017",16.731,2
"356","2022","Otobi","NR17C2aF7P018",19.026,1.66
"357","2022","Otobi","NR17C2aF7P023",NA,2
"358","2022","Otobi","NR17C2aF7P030",20.868,1.99
"359","2022","Otobi","NR17C2aF7P034",12.744,1.99
"360","2022","Otobi","NR17C2aF7P036",16.58,2
"361","2022","Otobi","NR17C2aF7P044",17.003,3
"362","2022","Otobi","NR17C2aF7P045",13.62,1.99
"363","2022","Otobi","NR17C2aF7P050",14.073,2
"364","2022","Otobi","NR17C2aF7P052",18.09,1.67
"365","2022","Otobi","NR17C2aF7P058",17.546,3.33
"366","2022","Otobi","NR17C2aF7P062",12.473,3.33
"367","2022","Otobi","NR17C2aF7P065",16.731,2.67
"368","2022","Otobi","NR17C2aF7P067",18.452,1.66
"369","2022","Otobi","NR17C2aF7P070",14.858,2
"370","2022","Otobi","NR17C2aF81P002",17.214,3.32
"371","2022","Otobi","NR17C2aF81P003",19.056,2.67
"372","2022","Otobi","NR17C2aF82P002",18.362,2.33
"373","2022","Otobi","NR17C2aF82P008",17.184,2
"374","2022","Otobi","NR17C2aF83P010",22.469,2
"375","2022","Otobi","NR17C2aF83P018",14.949,2.33
"376","2022","Otobi","NR17C2aF84P004",18.603,1.67
"377","2022","Otobi","NR17C2aF87P010",20.898,1.67
"378","2022","Otobi","NR17C2aF87P011",16.459,2.66
"379","2022","Otobi","NR17C2aF89P002",14.979,2.67
"380","2022","Otobi","NR17C2aF89P003",13.862,1.33
"381","2022","Otobi","NR17C2aF89P008",19.479,2.67
"382","2022","Otobi","NR17C2aF89P009",17.546,2
"383","2022","Otobi","NR17C2aF89P010",15.644,2.66
"384","2022","Otobi","NR17C2aF89P013",18.331,3.65
"385","2022","Otobi","NR17C2aF89P014",18.271,1.99
"386","2022","Otobi","NR17C2aF89P018",16.61,1.66
"387","2022","Otobi","NR17C2aF89P020",15.342,2.33
"388","2022","Otobi","NR17C2aF89P021",16.489,2
"389","2022","Otobi","NR17C2aF89P028",17.365,1.67
"390","2022","Otobi","NR17C2aF89P041",20.929,2.33
"391","2022","Otobi","NR17C2aF89P045",13.228,2.66
"392","2022","Otobi","NR17C2aF89P050",12.805,2.33
"393","2022","Otobi","NR17C2aF89P054",15.523,4.65
"394","2022","Otobi","NR17C2aF89P058",18.452,1.66
"395","2022","Otobi","NR17C2aF89P067",17.033,2
"396","2022","Otobi","NR17C2aF89P069",NA,1.99
"397","2022","Otobi","NR17C2aF89P071",21.835,2.33
"398","2022","Otobi","NR17C2aF89P088",22.016,2.33
"399","2022","Otobi","NR17C2aF89P091",16.368,2.67
"400","2022","Otobi","NR17C2aF89P096",10.57,2.67
"401","2022","Otobi","NR17C2aF89P102",17.063,1.67
"402","2022","Otobi","NR17C2aF90P007",16.791,2.67
"403","2022","Otobi","NR17C2aF91P001",15.764,1.33
"404","2022","Otobi","NR17C2aF91P004",19.147,2.66
"405","2022","Otobi","NR17C2aF91P006",16.67,2
"406","2022","Otobi","NR17C2aF91P011",12.322,2
"407","2022","Otobi","NR17C2aF92P001",21.714,2
"408","2022","Otobi","NR17C2aF92P002",23.556,2.33
"409","2022","Otobi","NR17C2aF92P003",11.325,2.33
"410","2022","Otobi","NR17C2aF92P005",14.466,3.33
"411","2022","Otobi","NR17C2aF93P009",20.627,2.67
"412","2022","Otobi","NR17C2aF93P010",19.328,3
"413","2022","Otobi","NR17C2aF94P013",21.684,2.33
"414","2022","Otobi","NR17C2aF95P003",19.6,2.33
"415","2022","Otobi","NR17C2aF95P009",14.798,2
"416","2022","Otobi","NR17C2aF95P011",16.036,1.66
"417","2022","Otobi","NR17C2aF95P015",18.633,2.66
"418","2022","Otobi","NR17C2aF95P021",14.315,2.33
"419","2022","Otobi","NR17C2aF96P004",19.358,2
"420","2022","Otobi","NR17C2aF97P002",14.647,2.67
"421","2022","Otobi","NR17C2aF98P001",17.848,2.33
"422","2022","Otobi","NR17C2aF99P002",19.207,2
"423","2022","Otobi","NR17C2aF9P010",12.82,31.67
"424","2022","Otobi","NR17C2aF9P013",14.768,1.66
"425","2022","Otobi","NR8082",21.291,2
"426","2022","Otobi","TMEB419",20.174,2
"427","2022","Otobi","TMEB7",16.58,2.33
"428","2021","Umudike","NR17C2aF103P001",21.412,1.333
"429","2021","Umudike","NR17C2aF10P001",23.194,1.667
"430","2021","Umudike","NR17C2aF10P002",16.731,1.167
"431","2021","Umudike","NR17C2aF10P006",23.828,1.067
"432","2021","Umudike","NR17C2aF10P011",26.999,0.367
"433","2021","Umudike","NR17C2aF10P016",23.677,1.3335
"434","2021","Umudike","NR17C2aF10P021",24.764,1.767
"435","2021","Umudike","NR17C2aF10P025",8.758,1.367
"436","2021","Umudike","NR17C2aF114P002",22.046,1.633
"437","2021","Umudike","NR17C2aF114P004",25.428,1.667
"438","2021","Umudike","NR17C2aF118P001",32.374,1.9
"439","2021","Umudike","NR17C2aF121P005",21.321,2
"440","2021","Umudike","NR17C2aF12P001",13.107,2.567
"441","2021","Umudike","NR17C2aF13P001",12.654,1.433
"442","2021","Umudike","NR17C2aF14P016",28.901,1.367
"443","2021","Umudike","NR17C2aF15P003",21.019,2.3
"444","2021","Umudike","NR17C2aF15P011",36.391,1.667
"445","2021","Umudike","NR17C2aF15P016",22.559,1.667
"446","2021","Umudike","NR17C2aF15P022",23.918,2.3835
"447","2021","Umudike","NR17C2aF15P041",16.942,2.833
"448","2021","Umudike","NR17C2aF16P003",14.889,2.933
"449","2021","Umudike","NR17C2aF16P010",20.596,1.6
"450","2021","Umudike","NR17C2aF18P008",17.456,2.4
"451","2021","Umudike","NR17C2aF18P018",NA,1.767
"452","2021","Umudike","NR17C2aF19P002",39.471,3.333
"453","2021","Umudike","NR17C2aF1P003",40.075,2.567
"454","2021","Umudike","NR17C2aF1P006",24.704,1.933
"455","2021","Umudike","NR17C2aF21P004",35.455,1.333
"456","2021","Umudike","NR17C2aF27P001",9.996,1.133
"457","2021","Umudike","NR17C2aF29P001",8.788,2.1
"458","2021","Umudike","NR17C2aF39P002",22.378,1
"459","2021","Umudike","NR17C2aF46P012",NA,2.333
"460","2021","Umudike","NR17C2aF49P006",27.24,1.333
"461","2021","Umudike","NR17C2aF54P001",26.395,1.533
"462","2021","Umudike","NR17C2aF54P002",16.489,1.667
"463","2021","Umudike","NR17C2aF54P005",15.462,1.4
"464","2021","Umudike","NR17C2aF54P010",33.25,1.467
"465","2021","Umudike","NR17C2aF54P012",16.791,1.367
"466","2021","Umudike","NR17C2aF5P017",22.65,1.433
"467","2021","Umudike","NR17C2aF5P026",23.707,NA
"468","2021","Umudike","NR17C2aF60P003",36.663,2.4
"469","2021","Umudike","NR17C2aF60P007",13.832,1.9
"470","2021","Umudike","NR17C2aF60P009",22.982,1.367
"471","2021","Umudike","NR17C2aF60P015",15.885,2.933
"472","2021","Umudike","NR17C2aF60P019",8.728,3.633
"473","2021","Umudike","NR17C2aF60P020",15.764,2.1665
"474","2021","Umudike","NR17C2aF61P003",30.653,2.7
"475","2021","Umudike","NR17C2aF61P004",29.626,1.333
"476","2021","Umudike","NR17C2aF61P008",NA,2.633
"477","2021","Umudike","NR17C2aF61P010",34.368,1.6
"478","2021","Umudike","NR17C2aF61P011",32.767,1.367
"479","2021","Umudike","NR17C2aF61P013",17.848,1.1
"480","2021","Umudike","NR17C2aF61P015",6.131,3.1
"481","2021","Umudike","NR17C2aF61P016",26.304,1.8
"482","2021","Umudike","NR17C2aF62P020",32.284,2.433
"483","2021","Umudike","NR17C2aF62P024",18.573,2
"484","2021","Umudike","NR17C2aF62P027",25.247,1.4
"485","2021","Umudike","NR17C2aF65P009",33.431,2.033
"486","2021","Umudike","NR17C2aF65P010",9.875,1.667
"487","2021","Umudike","NR17C2aF65P017",16.187,1.667
"488","2021","Umudike","NR17C2aF65P031",26.153,0.567
"489","2021","Umudike","NR17C2aF66P014",23.737,0.667
"490","2021","Umudike","NR17C2aF69P009",42.038,2.333
"491","2021","Umudike","NR17C2aF6P005",23.345,1.933
"492","2021","Umudike","NR17C2aF6P007",11.748,2.4
"493","2021","Umudike","NR17C2aF6P030",35.485,2.033
"494","2021","Umudike","NR17C2aF6P037",35.002,1.7
"495","2021","Umudike","NR17C2aF6P044",15.885,1.667
"496","2021","Umudike","NR17C2aF6P045",35.032,2.033
"497","2021","Umudike","NR17C2aF70P007",12.291,1.733
"498","2021","Umudike","NR17C2aF70P008",15.191,1
"499","2021","Umudike","NR17C2aF79P001",23.828,2.5
"500","2021","Umudike","NR17C2aF79P005",22.288,2.167
"501","2021","Umudike","NR17C2aF79P008",28.267,1.667
"502","2021","Umudike","NR17C2aF79P016",25.006,1.667
"503","2021","Umudike","NR17C2aF7P007",29.536,2
"504","2021","Umudike","NR17C2aF7P008",31.559,1.533
"505","2021","Umudike","NR17C2aF7P023",32.586,0.867
"506","2021","Umudike","NR17C2aF7P030",25.519,NA
"507","2021","Umudike","NR17C2aF7P036",23.254,1.6
"508","2021","Umudike","NR17C2aF7P044",35.168,2.967
"509","2021","Umudike","NR17C2aF7P050",28.448,2.767
"510","2021","Umudike","NR17C2aF7P052",21.533,2
"511","2021","Umudike","NR17C2aF7P058",15.1,2
"512","2021","Umudike","NR17C2aF7P065",24.824,1.367
"513","2021","Umudike","NR17C2aF7P070",20.717,1.333
"514","2021","Umudike","NR17C2aF81P003",14.707,2.233
"515","2021","Umudike","NR17C2aF82P008",NA,2.183
"516","2021","Umudike","NR17C2aF83P010",32.918,2.267
"517","2021","Umudike","NR17C2aF83P018",28.554,1.0165
"518","2021","Umudike","NR17C2aF84P004",32.072,2.133
"519","2021","Umudike","NR17C2aF87P010",27.271,1.9
"520","2021","Umudike","NR17C2aF89P002",31.559,2.267
"521","2021","Umudike","NR17C2aF89P003",27.784,3
"522","2021","Umudike","NR17C2aF89P009",29.264,1.433
"523","2021","Umudike","NR17C2aF89P010",22.559,1.267
"524","2021","Umudike","NR17C2aF89P018",26.546,2.633
"525","2021","Umudike","NR17C2aF89P020",28.811,2.033
"526","2021","Umudike","NR17C2aF89P028",20.566,2.533
"527","2021","Umudike","NR17C2aF89P034",24.492,1.4
"528","2021","Umudike","NR17C2aF89P050",22.982,1.133
"529","2021","Umudike","NR17C2aF89P054",25.247,2
"530","2021","Umudike","NR17C2aF89P067",32.193,2.1
"531","2021","Umudike","NR17C2aF89P069",36.995,0.567
"532","2021","Umudike","NR17C2aF89P071",17.154,2.5
"533","2021","Umudike","NR17C2aF89P088",29.838,1.733
"534","2021","Umudike","NR17C2aF89P096",14.285,6.7
"535","2021","Umudike","NR17C2aF90P001",34.186,3.367
"536","2021","Umudike","NR17C2aF90P007",6.221,1.133
"537","2021","Umudike","NR17C2aF90P008",23.918,2.033
"538","2021","Umudike","NR17C2aF91P004",34.458,2.033
"539","2021","Umudike","NR17C2aF91P006",10.691,1.967
"540","2021","Umudike","NR17C2aF92P001",10.359,2.1
"541","2021","Umudike","NR17C2aF92P003",30.532,1.733
"542","2021","Umudike","NR17C2aF92P005",12.654,3.333
"543","2021","Umudike","NR17C2aF93P010",24.492,1.367
"544","2021","Umudike","NR17C2aF94P013",31.982,2.467
"545","2021","Umudike","NR17C2aF95P003",26.425,1
"546","2021","Umudike","NR17C2aF95P009",14.496,3.067
"547","2021","Umudike","NR17C2aF95P011",23.043,1
"548","2021","Umudike","NR17C2aF96P004",NA,1.667
"549","2021","Umudike","NR17C2aF97P002",20.053,1.7
"550","2021","Umudike","NR17C2aF98P001",35.576,2.333
"551","2021","Umudike","NR17C2aF99P002",19.932,2.133
"552","2021","Umudike","NR17C2aF9P010",23.194,2
"553","2021","Umudike","NR17C2aF9P013",19.086,1.967
"554","2021","Umudike","TMEB419",25.791,NA
"555","2021","Umudike","TMEB7",15.07,1.667
"556",NA,"","",NA,NA
"557","2022","Umudike","IITA-TMS-IBA30572",21.291,2
"558","2022","Umudike","NR17C2aF103P001",26.425,2.326
"559","2022","Umudike","NR17C2aF10P001",19.479,2.326
"560","2022","Umudike","NR17C2aF10P002",21.7138,3.333
"561","2022","Umudike","NR17C2aF10P006",21.2306,2.667
"562","2022","Umudike","NR17C2aF10P011",34.9112,2.658
"563","2022","Umudike","NR17C2aF10P016",26.123,3
"564","2022","Umudike","NR17C2aF10P017",29.1128,1.667
"565","2022","Umudike","NR17C2aF10P021",22.9218,3
"566","2022","Umudike","NR17C2aF10P025",22.7406,3
"567","2022","Umudike","NR17C2aF114P002",22.6198,3.322
"568","2022","Umudike","NR17C2aF114P004",26.2438,2
"569","2022","Umudike","NR17C2aF120P002",19.1166,1.993
"570","2022","Umudike","NR17C2aF121P005",18.9052,3.667
"571","2022","Umudike","NR17C2aF12P001",22.7104,NA
"572","2022","Umudike","NR17C2aF13P001",19.8414,4.319
"573","2022","Umudike","NR17C2aF14P016",19.4186,1.993
"574","2022","Umudike","NR17C2aF15P003",16.1872,2.99
"575","2022","Umudike","NR17C2aF15P011",23.6466,2.667
"576","2022","Umudike","NR17C2aF15P016",17.9992,2.333
"577","2022","Umudike","NR17C2aF15P022",19.4488,2.661
"578","2022","Umudike","NR17C2aF15P032",22.3178,1
"579","2022","Umudike","NR17C2aF15P041",24.764,5.333
"580","2022","Umudike","NR17C2aF16P003",22.8312,2.658
"581","2022","Umudike","NR17C2aF16P010",23.0426,3.333
"582","2022","Umudike","NR17C2aF16P013",22.2272,1.667
"583","2022","Umudike","NR17C2aF18P008",17.214,2.667
"584","2022","Umudike","NR17C2aF18P015",22.6802,3
"585","2022","Umudike","NR17C2aF18P018",15.5228,3.333
"586","2022","Umudike","NR17C2aF19P002",24.7942,3
"587","2022","Umudike","NR17C2aF1P003",25.4284,1.993
"588","2022","Umudike","NR17C2aF1P006",19.5394,3
"589","2022","Umudike","NR17C2aF1P009",17.0328,3
"590","2022","Umudike","NR17C2aF21P004",19.63,4.333
"591","2022","Umudike","NR17C2aF28P002",22.1668,2
"592","2022","Umudike","NR17C2aF29P001",21.7138,2.667
"593","2022","Umudike","NR17C2aF33P002",17.9388,1.661
"594","2022","Umudike","NR17C2aF33P003",21.0494,3.326
"595","2022","Umudike","NR17C2aF35P004",19.2072,2.82
"596","2022","Umudike","NR17C2aF39P002",30.4567,2
"597","2022","Umudike","NR17C2aF40P004",22.801,2.99
"598","2022","Umudike","NR17C2aF46P012",19.3582,NA
"599","2022","Umudike","NR17C2aF49P006",20.1132,2.99
"600","2022","Umudike","NR17C2aF54P001",20.1736,2.333
"601","2022","Umudike","NR17C2aF54P002",19.6451,2.6665
"602","2022","Umudike","NR17C2aF54P005",11.2344,2.658
"603","2022","Umudike","NR17C2aF54P010",21.6534,2.667
"604","2022","Umudike","NR17C2aF54P012",21.6836,4
"605","2022","Umudike","NR17C2aF5P017",20.687,2.333
"606","2022","Umudike","NR17C2aF5P026",22.348,2
"607","2022","Umudike","NR17C2aF60P003",25.7304,2.326
"608","2022","Umudike","NR17C2aF60P006",17.063,1.661
"609","2022","Umudike","NR17C2aF60P007",15.8248,1.667
"610","2022","Umudike","NR17C2aF60P009",25.4888,2.667
"611","2022","Umudike","NR17C2aF60P010",23.2238,4.319
"612","2022","Umudike","NR17C2aF60P012",21.1098,2.658
"613","2022","Umudike","NR17C2aF60P015",23.002,3.333
"614","2022","Umudike","NR17C2aF60P019",21.2004,3.654
"615","2022","Umudike","NR17C2aF60P020",20.0226,3.667
"616","2022","Umudike","NR17C2aF61P002",17.6368,3.333
"617","2022","Umudike","NR17C2aF61P004",25.1566,2.6665
"618","2022","Umudike","NR17C2aF61P006",21.5326,3
"619","2022","Umudike","NR17C2aF61P007",25.8512,2.333
"620","2022","Umudike","NR17C2aF61P009",24.009,2.667
"621","2022","Umudike","NR17C2aF61P010",20.0255,2.333
"622","2022","Umudike","NR17C2aF61P011",16.8516,3
"623","2022","Umudike","NR17C2aF61P013",15.3718,2.333
"624","2022","Umudike","NR17C2aF61P015",25.8814,2.333
"625","2022","Umudike","NR17C2aF62P015",18.8146,2
"626","2022","Umudike","NR17C2aF62P020",19.63,2.99
"627","2022","Umudike","NR17C2aF62P024",24.0543,2.1665
"628","2022","Umudike","NR17C2aF65P009",31.4986,2.99
"629","2022","Umudike","NR17C2aF65P017",22.3782,3.667
"630","2022","Umudike","NR17C2aF65P020",18.4522,1.667
"631","2022","Umudike","NR17C2aF65P024",23.5862,3
"632","2022","Umudike","NR17C2aF65P027",24.613,3.322
"633","2022","Umudike","NR17C2aF66P014",26.0324,2.326
"634","2022","Umudike","NR17C2aF69P009",20.7776,2.333
"635","2022","Umudike","NR17C2aF6P005",23.7674,3
"636","2022","Umudike","NR17C2aF6P006",NA,2.667
"637","2022","Umudike","NR17C2aF6P007",20.8984,1.667
"638","2022","Umudike","NR17C2aF6P030",22.9218,3.322
"639","2022","Umudike","NR17C2aF6P044",22.0611,2.5
"640","2022","Umudike","NR17C2aF6P045",22.1517,2.658
"641","2022","Umudike","NR17C2aF6P046",NA,3.987
"642","2022","Umudike","NR17C2aF70P001",21.8044,3.4935
"643","2022","Umudike","NR17C2aF70P007",NA,1.661
"644","2022","Umudike","NR17C2aF70P008",27.0139,2
"645","2022","Umudike","NR17C2aF79P001",15.6738,2.667
"646","2022","Umudike","NR17C2aF79P005",22.2876,3.654
"647","2022","Umudike","NR17C2aF79P007",22.1819,2
"648","2022","Umudike","NR17C2aF79P008",NA,3.667
"649","2022","Umudike","NR17C2aF79P016",17.4556,2.326
"650","2022","Umudike","NR17C2aF7P007",23.1332,2.333
"651","2022","Umudike","NR17C2aF7P008",19.5394,3.322
"652","2022","Umudike","NR17C2aF7P023",17.7878,2.667
"653","2022","Umudike","NR17C2aF7P030",19.2676,2.667
"654","2022","Umudike","NR17C2aF7P044",16.0362,2.333
"655","2022","Umudike","NR17C2aF7P045",NA,2.995
"656","2022","Umudike","NR17C2aF7P052",21.4118,2.667
"657","2022","Umudike","NR17C2aF7P058",19.2374,3.322
"658","2022","Umudike","NR17C2aF7P062",18.4069,3.654
"659","2022","Umudike","NR17C2aF7P065",22.5745,3.328
"660","2022","Umudike","NR17C2aF7P067",25.7153,3.322
"661","2022","Umudike","NR17C2aF7P070",24.0694,1.667
"662","2022","Umudike","NR17C2aF7P071",20.5058,3.654
"663","2022","Umudike","NR17C2aF81P002",13.4994,5.333
"664","2022","Umudike","NR17C2aF81P003",20.083,2.667
"665","2022","Umudike","NR17C2aF82P002",23.6768,1.993
"666","2022","Umudike","NR17C2aF82P008",26.0626,3.333
"667","2022","Umudike","NR17C2aF83P018",28.237,1.329
"668","2022","Umudike","NR17C2aF84P004",24.0392,1.661
"669","2022","Umudike","NR17C2aF87P010",20.2038,3.333
"670","2022","Umudike","NR17C2aF87P011",18.2861,4.667
"671","2022","Umudike","NR17C2aF89P008",25.1566,2.333
"672","2022","Umudike","NR17C2aF89P009",24.2808,3.667
"673","2022","Umudike","NR17C2aF89P010",24.0996,4
"674","2022","Umudike","NR17C2aF89P013",19.781,1.667
"675","2022","Umudike","NR17C2aF89P014",25.5039,2.658
"676","2022","Umudike","NR17C2aF89P018",16.5194,2.667
"677","2022","Umudike","NR17C2aF89P020",NA,4.333
"678","2022","Umudike","NR17C2aF89P021",21.895,3
"679","2022","Umudike","NR17C2aF89P028",26.274,2
"680","2022","Umudike","NR17C2aF89P045",23.254,2.658
"681","2022","Umudike","NR17C2aF89P050",16.5194,3.667
"682","2022","Umudike","NR17C2aF89P058",25.3076,3.333
"683","2022","Umudike","NR17C2aF89P067",14.6168,6.667
"684","2022","Umudike","NR17C2aF89P069",25.1566,3.333
"685","2022","Umudike","NR17C2aF89P084",23.5258,2.333
"686","2022","Umudike","NR17C2aF89P088",23.3144,2.667
"687","2022","Umudike","NR17C2aF89P091",26.0022,2.333
"688","2022","Umudike","NR17C2aF89P096",23.9788,2.658
"689","2022","Umudike","NR17C2aF89P102",14.5866,3.667
"690","2022","Umudike","NR17C2aF90P001",24.311,3
"691","2022","Umudike","NR17C2aF90P007",24.8546,4.333
"692","2022","Umudike","NR17C2aF90P008",22.3782,2.99
"693","2022","Umudike","NR17C2aF91P001",17.8482,2
"694","2022","Umudike","NR17C2aF91P004",17.7878,4
"695","2022","Umudike","NR17C2aF91P006",19.0562,2.667
"696","2022","Umudike","NR17C2aF91P008",17.969,2
"697","2022","Umudike","NR17C2aF91P011",21.6534,3
"698","2022","Umudike","NR17C2aF92P001",18.5126,2.333
"699","2022","Umudike","NR17C2aF92P002",19.0864,3
"700","2022","Umudike","NR17C2aF92P003",NA,2.6665
"701","2022","Umudike","NR17C2aF92P005",25.217,3
"702","2022","Umudike","NR17C2aF93P010",28.1766,3.667
"703","2022","Umudike","NR17C2aF94P013",17.1234,2.667
"704","2022","Umudike","NR17C2aF95P003",23.2842,2.5
"705","2022","Umudike","NR17C2aF95P009",22.2574,3.654
"706","2022","Umudike","NR17C2aF95P015",25.5492,2
"707","2022","Umudike","NR17C2aF95P021",22.2574,2.667
"708","2022","Umudike","NR17C2aF97P002",20.083,1.993
"709","2022","Umudike","NR17C2aF98P001",25.9871,3
"710","2022","Umudike","NR17C2aF99P002",19.8716,2.658
"711","2022","Umudike","NR17C2aF9P010",23.4352,1.993
"712","2022","Umudike","NR17C2aF9P013",22.1366,NA
"713","2022","Umudike","NR8082",20.2038,2.326
"714","2022","Umudike","TMEB419",19.479,1.661
"715","2022","Umudike","TMEB7",25.5794,2
