"","environment","location","year","Genotype","swelling.index","swelling.power","WAC","Bulk.Density"
"1","Otobi_2020","Otobi","2020","IITA-TMS-IBA30572",1.91,6.775,368,0.905
"2","Otobi_2020","Otobi","2020","NR17C2aF103P001",2.015,7.24,479,0.93
"3","Otobi_2020","Otobi","2020","NR17C2aF10P002",2.1,6.895,550.5,0.92
"4","Otobi_2020","Otobi","2020","NR17C2aF10P006",2.2,6.835,450,0.91
"5","Otobi_2020","Otobi","2020","NR17C2aF10P017",2.09,7.475,538,0.855
"6","Otobi_2020","Otobi","2020","NR17C2aF10P025",1.92,7.445,392.5,0.83
"7","Otobi_2020","Otobi","2020","NR17C2aF114P002",2.02,6.77,417,0.825
"8","Otobi_2020","Otobi","2020","NR17C2aF121P001",2.235,7.265,531.5,0.88
"9","Otobi_2020","Otobi","2020","NR17C2aF12P001",2.31,7.17,515,0.875
"10","Otobi_2020","Otobi","2020","NR17C2aF13P001",1.92,7.335,476.5,0.77
"11","Otobi_2020","Otobi","2020","NR17C2aF14P016",1.915,6.785,428.5,0.855
"12","Otobi_2020","Otobi","2020","NR17C2aF15P016",2.31,6.1,473.5,0.765
"13","Otobi_2020","Otobi","2020","NR17C2aF16P013",2.28,6.61,407.5,0.905
"14","Otobi_2020","Otobi","2020","NR17C2aF21P004",2.38,7.05,420.5,0.855
"15","Otobi_2020","Otobi","2020","NR17C2aF28P002",1.97,7.44,478.5,0.84
"16","Otobi_2020","Otobi","2020","NR17C2aF33P002",2.17,7.13,554.5,0.805
"17","Otobi_2020","Otobi","2020","NR17C2aF54P010",2.31,7.295,457.5,0.855
"18","Otobi_2020","Otobi","2020","NR17C2aF60P006",1.67,6.885,437,0.89
"19","Otobi_2020","Otobi","2020","NR17C2aF60P009",2.085,7.225,445,0.84
"20","Otobi_2020","Otobi","2020","NR17C2aF61P003",1.885,7.145,440.5,0.88
"21","Otobi_2020","Otobi","2020","NR17C2aF62P008",1.78,7.505,501.5,0.685
"22","Otobi_2020","Otobi","2020","NR17C2aF62P020",2.38,7.17,479,0.855
"23","Otobi_2020","Otobi","2020","NR17C2aF62P027",1.925,6.865,457.5,0.94
"24","Otobi_2020","Otobi","2020","NR17C2aF65P017",1.92,7.41,413.5,0.865
"25","Otobi_2020","Otobi","2020","NR17C2aF65P027",2.015,6.545,477,0.785
"26","Otobi_2020","Otobi","2020","NR17C2aF6P044",2.49,6.865,497,0.815
"27","Otobi_2020","Otobi","2020","NR17C2aF70P007",2.02,7.125,473,0.87
"28","Otobi_2020","Otobi","2020","NR17C2aF79P005",2.38,7.26,495,0.875
"29","Otobi_2020","Otobi","2020","NR17C2aF7P007",2.26,6.935,535,0.825
"30","Otobi_2020","Otobi","2020","NR17C2aF7P062",1.985,6.885,453.5,0.88
"31","Otobi_2020","Otobi","2020","NR17C2aF81P002",2.05,6.9,483.5,0.755
"32","Otobi_2020","Otobi","2020","NR17C2aF83P018",2.38,6.905,462.5,0.865
"33","Otobi_2020","Otobi","2020","NR17C2aF87P001",1.92,6.835,501,0.865
"34","Otobi_2020","Otobi","2020","NR17C2aF89P003",2.42,7.015,462.5,0.815
"35","Otobi_2020","Otobi","2020","NR17C2aF89P014",2.22,6.675,446.5,0.865
"36","Otobi_2020","Otobi","2020","NR17C2aF89P028",1.885,6.985,505.5,0.875
"37","Otobi_2020","Otobi","2020","NR17C2aF89P084",2.24,6.055,451.5,0.84
"38","Otobi_2020","Otobi","2020","NR17C2aF90P008",2.26,7.07,407,0.785
"39","Otobi_2020","Otobi","2020","NR17C2aF97P002",2.38,7.03,420.5,0.855
"40","Otobi_2020","Otobi","2020","NR17C2aF99P002",2.4,7.425,507.5,0.84
"41","Otobi_2020","Otobi","2020","TMEB419",2.09,6.875,428,0.865
"42","Otobi_2020","Otobi","2020","TMEB7",2,7.08,416.5,0.84
"43","Umudike_2020","Umudike","2020","NR17C2aF10P002",1.78,5.98,526.5,0.86
"44","Umudike_2020","Umudike","2020","NR17C2aF10P025",2.25,6.5,543.5,0.86
"45","Umudike_2020","Umudike","2020","NR17C2aF10P036",2.18,5.86,543,0.83
"46","Umudike_2020","Umudike","2020","NR17C2aF1P009",2.52,6.18,607.5,0.86
"47","Umudike_2020","Umudike","2020","NR17C2aF121P001",2.26,6.46,536.5,0.86
"48","Umudike_2020","Umudike","2020","NR17C2aF10P017",1.79,6.29,495.5,0.86
"49","Umudike_2020","Umudike","2020","NR17C2aF15P016",2,5.88,424.5,0.94
"50","Umudike_2020","Umudike","2020","NR17C2aF12P001",1.98,7.63,523.5,0.86
"51","Umudike_2020","Umudike","2020","NR17C2aF46P005",2.15,7.98,522.5,0.82
"52","Umudike_2020","Umudike","2020","NR17C2aF16P013",2.05,7.61,452.5,0.87
"53","Umudike_2020","Umudike","2020","NR17C2aF28P002",2.18,7.73,556.5,0.82
"54","Umudike_2020","Umudike","2020","NR17C2aF21P004",2.18,6.97,420,0.86
"55","Umudike_2020","Umudike","2020","NR17C2aF13P001",2.08,7.83,476,0.85
"56","Umudike_2020","Umudike","2020","NR17C2aF114P002",2,7.69,502.5,0.82
"57","Umudike_2020","Umudike","2020","TMEB7",2.4,7.11,469,0.79
"58","Umudike_2020","Umudike","2020","NR17C2aF60P015",2.32,8.1,576.5,0.82
"59","Umudike_2020","Umudike","2020","NR17C2aF6P044",2.26,7.83,517.5,0.78
"60","Umudike_2020","Umudike","2020","NR17C2aF87P011",2.18,7.71,530,0.82
"61","Umudike_2020","Umudike","2020","NR17C2aF54P010",2.33,8.13,514.5,0.82
"62","Umudike_2020","Umudike","2020","NR17C2aF61P003",2.38,8.28,553.5,0.84
"63","Umudike_2020","Umudike","2020","NR17C2aF97P002",2.49,7.21,448.5,0.85
"64","Umudike_2020","Umudike","2020","NR17C2aF89P084",1.98,7.78,514.5,0.8
"65","Umudike_2020","Umudike","2020","NR17C2aF89P028",2.22,7.46,415.5,0.81
"66","Umudike_2020","Umudike","2020","NR17C2aF89P010",2.49,8.2,554,0.82
"67","Umudike_2020","Umudike","2020","NR17C2aF7P007",2.26,7.81,584.5,0.81
"68","Umudike_2020","Umudike","2020","NR17C2aF62P027",2.46,7.82,397.5,0.84
"69","Umudike_2020","Umudike","2020","IITA-TMS-IBA30572",2.15,7.83,482,0.81
"70","Umudike_2020","Umudike","2020","NR17C2aF70P007",2.08,7.46,485,0.82
"71","Umudike_2020","Umudike","2020","NR17C2aF65P027",1.98,6.86,480,0.81
"72","Umudike_2020","Umudike","2020","NR17C2aF82P008",2.32,7.74,474,0.77
"73","Umudike_2020","Umudike","2020","NR17C2aF89P002",2.24,7.8,496.5,0.81
"74","Otobi_2021","Otobi","2021","NR17C2aF103P001",2.14,7.52,374,0.861
"75","Otobi_2021","Otobi","2021","NR17C2aF10P001",2.227,8.475,364.5,0.904
"76","Otobi_2021","Otobi","2021","NR17C2aF10P002",2.047,9.335,381,0.937
"77","Otobi_2021","Otobi","2021","NR17C2aF10P006",2.082,7.86,464.5,0.858
"78","Otobi_2021","Otobi","2021","NR17C2aF10P016",1.936,9.35,452,0.909
"79","Otobi_2021","Otobi","2021","NR17C2aF10P017",NA,NA,427.5,0.791
"80","Otobi_2021","Otobi","2021","NR17C2aF10P021",2.123,9.245,534.5,0.938
"81","Otobi_2021","Otobi","2021","NR17C2aF10P025",1.95,6.935,397,0.858
"82","Otobi_2021","Otobi","2021","NR17C2aF114P002",NA,NA,368,0.882
"83","Otobi_2021","Otobi","2021","NR17C2aF114P004",1.581,10.015,348.5,0.955
"84","Otobi_2021","Otobi","2021","NR17C2aF120P002",2.017,7.935,428,0.857
"85","Otobi_2021","Otobi","2021","NR17C2aF121P001",2.257,7.55,323.5,0.882
"86","Otobi_2021","Otobi","2021","NR17C2aF12P001",1.817,8.675,406.5,0.88
"87","Otobi_2021","Otobi","2021","NR17C2aF13P001",2.349,8.265,371,0.909
"88","Otobi_2021","Otobi","2021","NR17C2aF14P014",2.086,9.45,452,0.816
"89","Otobi_2021","Otobi","2021","NR17C2aF14P016",2.392,8.45,352,0.936
"90","Otobi_2021","Otobi","2021","NR17C2aF15P003",2.409,8.35,345,0.917
"91","Otobi_2021","Otobi","2021","NR17C2aF15P011",1.875,8.89,470.5,0.881
"92","Otobi_2021","Otobi","2021","NR17C2aF15P016",1.814,7.975,412,0.884
"93","Otobi_2021","Otobi","2021","NR17C2aF15P022",2.081,7.89,423,0.769
"94","Otobi_2021","Otobi","2021","NR17C2aF15P032",2.001,7.64,426.5,0.828
"95","Otobi_2021","Otobi","2021","NR17C2aF15P041",2.16,9.005,382.5,0.934
"96","Otobi_2021","Otobi","2021","NR17C2aF16P003",1.933,8.02,345,0.868
"97","Otobi_2021","Otobi","2021","NR17C2aF16P004",2.102,9.53,452.5,0.889
"98","Otobi_2021","Otobi","2021","NR17C2aF16P010",2.38,7.12,345.5,0.862
"99","Otobi_2021","Otobi","2021","NR17C2aF16P013",1.734,8.5025,400,0.881
"100","Otobi_2021","Otobi","2021","NR17C2aF18P008",2.175,7.215,383,0.882
"101","Otobi_2021","Otobi","2021","NR17C2aF18P015",2.221,8.605,444,0.937
"102","Otobi_2021","Otobi","2021","NR17C2aF18P018",1.999,8.165,407.5,0.938
"103","Otobi_2021","Otobi","2021","NR17C2aF1P003",1.965,6.7,405,0.906
"104","Otobi_2021","Otobi","2021","NR17C2aF1P006",1.911,6.385,482,0.937
"105","Otobi_2021","Otobi","2021","NR17C2aF1P009",2.263,8.38,387,0.856
"106","Otobi_2021","Otobi","2021","NR17C2aF21P004",1.563,9.345,364.5,0.909
"107","Otobi_2021","Otobi","2021","NR17C2aF27P001",1.973,6.99,388.5,0.858
"108","Otobi_2021","Otobi","2021","NR17C2aF28P002",2.263,7.56,429.5,0.856
"109","Otobi_2021","Otobi","2021","NR17C2aF29P001",2.247,8.165,436,0.88
"110","Otobi_2021","Otobi","2021","NR17C2aF33P002",2.071,8.17,379.5,0.866
"111","Otobi_2021","Otobi","2021","NR17C2aF33P003",2.221,8.28,395,0.88
"112","Otobi_2021","Otobi","2021","NR17C2aF35P004",2.157,8.695,414.5,0.936
"113","Otobi_2021","Otobi","2021","NR17C2aF37P001",2,8.44,444.5,0.833
"114","Otobi_2021","Otobi","2021","NR17C2aF39P002",1.756,8.05,341,0.909
"115","Otobi_2021","Otobi","2021","NR17C2aF3P010",1.719,8.23,381.5,0.857
"116","Otobi_2021","Otobi","2021","NR17C2aF40P004",2.191,8.625,403.5,0.909
"117","Otobi_2021","Otobi","2021","NR17C2aF46P012",2,9.49,404.5,0.938
"118","Otobi_2021","Otobi","2021","NR17C2aF49P006",2.305,8.425,433,0.88
"119","Otobi_2021","Otobi","2021","NR17C2aF54P001",1.942,9.05,407,0.909
"120","Otobi_2021","Otobi","2021","NR17C2aF54P002",1.833,9.11,397.5,0.925
"121","Otobi_2021","Otobi","2021","NR17C2aF54P010",2.097,7.2,494.5,0.92
"122","Otobi_2021","Otobi","2021","NR17C2aF54P012",2.1,9.04,422.5,0.882
"123","Otobi_2021","Otobi","2021","NR17C2aF54P015",1.978,6.59,388,0.873
"124","Otobi_2021","Otobi","2021","NR17C2aF5P017",2.228,7.15,451.5,0.754
"125","Otobi_2021","Otobi","2021","NR17C2aF5P022",1.8,8.315,386.5,0.788
"126","Otobi_2021","Otobi","2021","NR17C2aF5P026",1.57,7.92,417,0.881
"127","Otobi_2021","Otobi","2021","NR17C2aF60P003",1.657,9.405,327.5,0.952
"128","Otobi_2021","Otobi","2021","NR17C2aF60P009",2.017,7.385,471,0.908
"129","Otobi_2021","Otobi","2021","NR17C2aF60P010",2.03,7.29,405,0.851
"130","Otobi_2021","Otobi","2021","NR17C2aF60P012",1.968,7.605,354.5,0.968
"131","Otobi_2021","Otobi","2021","NR17C2aF60P015",2.356,8.33,409.5,0.908
"132","Otobi_2021","Otobi","2021","NR17C2aF60P020",2.31,8.05,386,0.909
"133","Otobi_2021","Otobi","2021","NR17C2aF61P002",1.821,9.24,382,0.908
"134","Otobi_2021","Otobi","2021","NR17C2aF61P003",1.766,9.095,391,0.877
"135","Otobi_2021","Otobi","2021","NR17C2aF61P004",1.932,7.71,373.5,0.923
"136","Otobi_2021","Otobi","2021","NR17C2aF61P006",2.043,8.86,438,0.857
"137","Otobi_2021","Otobi","2021","NR17C2aF61P007",2.391,8.08,421,0.907
"138","Otobi_2021","Otobi","2021","NR17C2aF61P008",2.258,8.26,460.5,0.904
"139","Otobi_2021","Otobi","2021","NR17C2aF61P009",2.314,7.81,434,0.882
"140","Otobi_2021","Otobi","2021","NR17C2aF61P010",2.204,7.615,477.5,0.936
"141","Otobi_2021","Otobi","2021","NR17C2aF61P011",2.324,8.525,386.5,0.916
"142","Otobi_2021","Otobi","2021","NR17C2aF61P013",2.049,8.035,470.5,0.881
"143","Otobi_2021","Otobi","2021","NR17C2aF61P015",2,8.93,510.5,0.834
"144","Otobi_2021","Otobi","2021","NR17C2aF61P016",2.118,8.165,424,0.857
"145","Otobi_2021","Otobi","2021","NR17C2aF62P015",1.772,9.245,355.5,0.937
"146","Otobi_2021","Otobi","2021","NR17C2aF62P020",2.065,7.74,440,0.938
"147","Otobi_2021","Otobi","2021","NR17C2aF62P024",2.226,8.315,400.5,0.862
"148","Otobi_2021","Otobi","2021","NR17C2aF62P027",1.944,8.76,328.5,0.937
"149","Otobi_2021","Otobi","2021","NR17C2aF65P009",2.189,7.31,432,0.794
"150","Otobi_2021","Otobi","2021","NR17C2aF65P017",2.017,8.13,356.5,0.856
"151","Otobi_2021","Otobi","2021","NR17C2aF65P020",2.049,9.535,524,0.881
"152","Otobi_2021","Otobi","2021","NR17C2aF65P027",2.208,8.6075,411.75,0.909
"153","Otobi_2021","Otobi","2021","NR17C2aF65P031",1.858,6.97,436,0.834
"154","Otobi_2021","Otobi","2021","NR17C2aF66P002",2.167,8.145,416,0.771
"155","Otobi_2021","Otobi","2021","NR17C2aF66P003",2.099,8.065,489,0.937
"156","Otobi_2021","Otobi","2021","NR17C2aF69P009",1.813,7.72,463,0.882
"157","Otobi_2021","Otobi","2021","NR17C2aF6P006",1.817,8.36,407,0.887
"158","Otobi_2021","Otobi","2021","NR17C2aF6P007",2.006,7.425,375,0.772
"159","Otobi_2021","Otobi","2021","NR17C2aF6P030",2.017,7.995,420.5,0.908
"160","Otobi_2021","Otobi","2021","NR17C2aF6P044",1.842,10.325,540.5,0.867
"161","Otobi_2021","Otobi","2021","NR17C2aF6P045",2.039,8.295,450.5,0.833
"162","Otobi_2021","Otobi","2021","NR17C2aF6P046",1.86,7.935,439.5,0.789
"163","Otobi_2021","Otobi","2021","NR17C2aF70P001",2.034,9.055,360.5,0.856
"164","Otobi_2021","Otobi","2021","NR17C2aF70P008",2.153,7.86,384.5,0.788
"165","Otobi_2021","Otobi","2021","NR17C2aF71P001",2.052,7.12,405,0.821
"166","Otobi_2021","Otobi","2021","NR17C2aF79P001",1.667,8.16,414.5,0.961
"167","Otobi_2021","Otobi","2021","NR17C2aF79P007",2.287,6.91,378.5,0.889
"168","Otobi_2021","Otobi","2021","NR17C2aF79P008",2.2,7.3,452.5,0.833
"169","Otobi_2021","Otobi","2021","NR17C2aF79P016",1.705,8.505,398.5,1.015
"170","Otobi_2021","Otobi","2021","NR17C2aF7P007",1.909,10.16,440,0.857
"171","Otobi_2021","Otobi","2021","NR17C2aF7P008",1.627,8.925,367.5,0.908
"172","Otobi_2021","Otobi","2021","NR17C2aF7P011",2.202,8.66,391,0.905
"173","Otobi_2021","Otobi","2021","NR17C2aF7P013",2.213,8.14,428,0.872
"174","Otobi_2021","Otobi","2021","NR17C2aF7P017",1.75,7.99,436.5,0.881
"175","Otobi_2021","Otobi","2021","NR17C2aF7P018",2.038,8.785,383,0.962
"176","Otobi_2021","Otobi","2021","NR17C2aF7P023",2.305,7.6,416.5,0.91
"177","Otobi_2021","Otobi","2021","NR17C2aF7P030",2.338,8.31,435,0.877
"178","Otobi_2021","Otobi","2021","NR17C2aF7P034",1.812,8.875,457.5,0.926
"179","Otobi_2021","Otobi","2021","NR17C2aF7P036",2.018,9.095,321,0.909
"180","Otobi_2021","Otobi","2021","NR17C2aF7P043",2,9.17,374.5,0.907
"181","Otobi_2021","Otobi","2021","NR17C2aF7P044",2.079,8.045,388.5,0.706
"182","Otobi_2021","Otobi","2021","NR17C2aF7P045",1.926,8.645,438.5,0.884
"183","Otobi_2021","Otobi","2021","NR17C2aF7P052",1.981,8.345,469.5,0.93
"184","Otobi_2021","Otobi","2021","NR17C2aF7P062",2.241,9.365,361.5,0.908
"185","Otobi_2021","Otobi","2021","NR17C2aF7P065",2.593,8.875,336,0.881
"186","Otobi_2021","Otobi","2021","NR17C2aF7P067",2.158,6.52,455,0.908
"187","Otobi_2021","Otobi","2021","NR17C2aF7P070",2.001,8.61,341.5,0.998
"188","Otobi_2021","Otobi","2021","NR17C2aF7P071",2.224,7.795,377.5,0.852
"189","Otobi_2021","Otobi","2021","NR17C2aF82P002",1.998,8.145,371.5,0.886
"190","Otobi_2021","Otobi","2021","NR17C2aF82P005",2.266,7.7475,431,0.854
"191","Otobi_2021","Otobi","2021","NR17C2aF82P008",2.529,7.27,480,0.811
"192","Otobi_2021","Otobi","2021","NR17C2aF83P010",2.22,8.065,360.5,0.934
"193","Otobi_2021","Otobi","2021","NR17C2aF83P018",2.102,8.59,367.5,1
"194","Otobi_2021","Otobi","2021","NR17C2aF84P004",2.293,8.14,396.5,0.788
"195","Otobi_2021","Otobi","2021","NR17C2aF87P010",1.833,7.835,381.5,0.857
"196","Otobi_2021","Otobi","2021","NR17C2aF87P011",2.528,7.985,415.5,0.909
"197","Otobi_2021","Otobi","2021","NR17C2aF89P002",2.233,7.225,427,0.884
"198","Otobi_2021","Otobi","2021","NR17C2aF89P003",2.014,8.035,405,0.844
"199","Otobi_2021","Otobi","2021","NR17C2aF89P009",1.762,9.155,414,0.881
"200","Otobi_2021","Otobi","2021","NR17C2aF89P010",2.098,8.765,452.5,0.908
"201","Otobi_2021","Otobi","2021","NR17C2aF89P013",1.524,7.73,324,0.909
"202","Otobi_2021","Otobi","2021","NR17C2aF89P014",1.948,7.455,417.5,0.958
"203","Otobi_2021","Otobi","2021","NR17C2aF89P018",2.193,8.47,447,0.896
"204","Otobi_2021","Otobi","2021","NR17C2aF89P020",1.82,8.75,377.5,0.964
"205","Otobi_2021","Otobi","2021","NR17C2aF89P021",2.167,7.465,346.5,0.9
"206","Otobi_2021","Otobi","2021","NR17C2aF89P028",2.447,9.245,394.5,0.905
"207","Otobi_2021","Otobi","2021","NR17C2aF89P041",2.057,8.035,411.5,0.772
"208","Otobi_2021","Otobi","2021","NR17C2aF89P045",2.5,6.78,425.5,0.969
"209","Otobi_2021","Otobi","2021","NR17C2aF89P050",1.797,7.09,416,0.937
"210","Otobi_2021","Otobi","2021","NR17C2aF89P054",1.78,8.575,373.5,0.909
"211","Otobi_2021","Otobi","2021","NR17C2aF89P056",2.42,6.855,388,0.824
"212","Otobi_2021","Otobi","2021","NR17C2aF89P058",2.26,8.335,311.5,0.908
"213","Otobi_2021","Otobi","2021","NR17C2aF89P067",1.967,9.71,493,0.884
"214","Otobi_2021","Otobi","2021","NR17C2aF89P069",2.439,8.075,348.5,0.983
"215","Otobi_2021","Otobi","2021","NR17C2aF89P071",2.12,8.225,429.5,0.778
"216","Otobi_2021","Otobi","2021","NR17C2aF89P084",2.001,7.975,411.5,0.883
"217","Otobi_2021","Otobi","2021","NR17C2aF89P088",1.989,8.41,363,0.908
"218","Otobi_2021","Otobi","2021","NR17C2aF89P091",1.709,9.03,467.5,0.933
"219","Otobi_2021","Otobi","2021","NR17C2aF89P096",1.872,7.66,353.5,0.833
"220","Otobi_2021","Otobi","2021","NR17C2aF89P102",1.986,7.79,315,0.909
"221","Otobi_2021","Otobi","2021","NR17C2aF90P001",1.939,7.875,434.5,0.88
"222","Otobi_2021","Otobi","2021","NR17C2aF90P007",1.93,8.33,329.5,0.934
"223","Otobi_2021","Otobi","2021","NR17C2aF91P001",2.217,7.855,392.5,0.909
"224","Otobi_2021","Otobi","2021","NR17C2aF91P004",1.689,11.21,347,0.908
"225","Otobi_2021","Otobi","2021","NR17C2aF91P006",2.2,8.88,466.5,0.851
"226","Otobi_2021","Otobi","2021","NR17C2aF91P008",2.445,8.35,413,0.852
"227","Otobi_2021","Otobi","2021","NR17C2aF91P011",1.854,8.56,371,0.909
"228","Otobi_2021","Otobi","2021","NR17C2aF92P001",1.88,7.875,370.5,0.907
"229","Otobi_2021","Otobi","2021","NR17C2aF92P002",1.949,8.975,392.5,0.908
"230","Otobi_2021","Otobi","2021","NR17C2aF92P003",2.781,9.435,484.5,0.858
"231","Otobi_2021","Otobi","2021","NR17C2aF92P005",2.039,7.115,457,0.858
"232","Otobi_2021","Otobi","2021","NR17C2aF93P009",1.985,8.1925,403,0.906
"233","Otobi_2021","Otobi","2021","NR17C2aF93P010",1.862,8.8,502,0.879
"234","Otobi_2021","Otobi","2021","NR17C2aF94P013",2.21,8.11,457.5,0.857
"235","Otobi_2021","Otobi","2021","NR17C2aF95P003",2.044,7.135,372.5,0.996
"236","Otobi_2021","Otobi","2021","NR17C2aF95P011",1.668,9.79,399,0.867
"237","Otobi_2021","Otobi","2021","NR17C2aF95P015",2.119,8.025,405,0.953
"238","Otobi_2021","Otobi","2021","NR17C2aF95P021",2.44,7.835,360.5,0.909
"239","Otobi_2021","Otobi","2021","NR17C2aF96P004",2.119,7.65,443,0.869
"240","Otobi_2021","Otobi","2021","NR17C2aF97P002",2.14,8.59,424.5,0.93
"241","Otobi_2021","Otobi","2021","NR17C2aF99P002",1.957,9.57,339,0.938
"242","Otobi_2021","Otobi","2021","NR17C2aF9P010",1.831,8.35,422.5,0.831
"243","Otobi_2021","Otobi","2021","NR17C2aF9P013",1.739,8.515,425.5,0.886
"244","Otobi_2021","Otobi","2021","IITA-TMS-IBA30572",2.001,8.11,400.5,0.908
"245","Otobi_2021","Otobi","2021","NR8082",2.167,6.665,444,0.936
"246","Otobi_2021","Otobi","2021","TMEB419",1.84,7.99,442.5,0.934
"247","Otobi_2021","Otobi","2021","TMEB7",1.713,10.21,567,0.908
"248","Umudike_2021","Umudike","2021","NR17C2aF103P001",1.804,7.08,418,0.741
"249","Umudike_2021","Umudike","2021","NR17C2aF10P001",2.661,10.644,569,0.847
"250","Umudike_2021","Umudike","2021","NR17C2aF10P002",1.526,8.978,307,0.699
"251","Umudike_2021","Umudike","2021","NR17C2aF10P006",2.42,9.341,474,0.857
"252","Umudike_2021","Umudike","2021","NR17C2aF10P011",2.394,7.857,503,0.81
"253","Umudike_2021","Umudike","2021","NR17C2aF10P016",2.2,10.311,446,0.789
"254","Umudike_2021","Umudike","2021","NR17C2aF10P021",NA,9.667,NA,NA
"255","Umudike_2021","Umudike","2021","NR17C2aF10P025",2.143,8.144,459,0.852
"256","Umudike_2021","Umudike","2021","NR17C2aF114P002",3.75,8.22,582,0.811
"257","Umudike_2021","Umudike","2021","NR17C2aF114P004",1.17,9.68,222,0.667
"258","Umudike_2021","Umudike","2021","NR17C2aF118P001",1.712,9.929,377,0.828
"259","Umudike_2021","Umudike","2021","NR17C2aF121P005",2.011,9.149,438,0.834
"260","Umudike_2021","Umudike","2021","NR17C2aF12P001",NA,8.641,NA,NA
"261","Umudike_2021","Umudike","2021","NR17C2aF13P001",1.571,8.449,310,0.861
"262","Umudike_2021","Umudike","2021","NR17C2aF14P016",2.183,8.258,509,0.906
"263","Umudike_2021","Umudike","2021","NR17C2aF15P003",NA,8.362,NA,NA
"264","Umudike_2021","Umudike","2021","NR17C2aF15P011",2.25,8.118,535,0.848
"265","Umudike_2021","Umudike","2021","NR17C2aF15P016",1.75,7.955,309,0.642
"266","Umudike_2021","Umudike","2021","NR17C2aF15P022",2.074,8.278,376,0.733
"267","Umudike_2021","Umudike","2021","NR17C2aF15P032",1.763,NA,431,0.811
"268","Umudike_2021","Umudike","2021","NR17C2aF15P041",1.638,7.705,457,0.759
"269","Umudike_2021","Umudike","2021","NR17C2aF16P003",2.957,8.033,576,0.8
"270","Umudike_2021","Umudike","2021","NR17C2aF16P010",2.287,8.042,535,0.811
"271","Umudike_2021","Umudike","2021","NR17C2aF16P013",2.241,NA,481,0.862
"272","Umudike_2021","Umudike","2021","NR17C2aF18P008",1.729,7.744,498,0.667
"273","Umudike_2021","Umudike","2021","NR17C2aF18P018",1.746,8.714,397,0.858
"274","Umudike_2021","Umudike","2021","NR17C2aF19P002",2.034,8.583,420,0.766
"275","Umudike_2021","Umudike","2021","NR17C2aF1P003",3,8.074,555,0.808
"276","Umudike_2021","Umudike","2021","NR17C2aF1P006",NA,10.19,NA,NA
"277","Umudike_2021","Umudike","2021","NR17C2aF21P004",2.462,11.267,519,0.77
"278","Umudike_2021","Umudike","2021","NR17C2aF27P001",2.464,10.769,545,0.857
"279","Umudike_2021","Umudike","2021","NR17C2aF28P002",1.92,NA,408,0.949
"280","Umudike_2021","Umudike","2021","NR17C2aF29P001",1.955,9.898,505,0.778
"281","Umudike_2021","Umudike","2021","NR17C2aF39P002",2.123,9.457,487,0.81
"282","Umudike_2021","Umudike","2021","NR17C2aF49P006",1.6,9.011,320,0.776
"283","Umudike_2021","Umudike","2021","NR17C2aF54P001",2.304,10.442,480,0.987
"284","Umudike_2021","Umudike","2021","NR17C2aF54P002",2.121,7.934,516,0.857
"285","Umudike_2021","Umudike","2021","NR17C2aF54P005",1.884,9.765,386,0.811
"286","Umudike_2021","Umudike","2021","NR17C2aF54P010",2.264,8.36,499,0.906
"287","Umudike_2021","Umudike","2021","NR17C2aF54P012",2.546,8.946,542,0.834
"288","Umudike_2021","Umudike","2021","NR17C2aF5P017",2.455,10.453,469,0.952
"289","Umudike_2021","Umudike","2021","NR17C2aF5P026",2.18,10.826,377,0.903
"290","Umudike_2021","Umudike","2021","NR17C2aF60P003",1.926,9.354,526,0.81
"291","Umudike_2021","Umudike","2021","NR17C2aF60P006",2.374,NA,518,0.734
"292","Umudike_2021","Umudike","2021","NR17C2aF60P007",NA,7.365,NA,NA
"293","Umudike_2021","Umudike","2021","NR17C2aF60P009",1.409,10.205,280,0.839
"294","Umudike_2021","Umudike","2021","NR17C2aF60P010",1.267,NA,241,0.725
"295","Umudike_2021","Umudike","2021","NR17C2aF60P015",1.815,7.012,325,0.667
"296","Umudike_2021","Umudike","2021","NR17C2aF60P019",2.613,8.367,460,0.741
"297","Umudike_2021","Umudike","2021","NR17C2aF60P020",2.28,7.207,435,0.76
"298","Umudike_2021","Umudike","2021","NR17C2aF61P003",1.983,7.723,424,0.808
"299","Umudike_2021","Umudike","2021","NR17C2aF61P004",2.143,8.18,467,0.867
"300","Umudike_2021","Umudike","2021","NR17C2aF61P008",1.886,10.36,426,0.901
"301","Umudike_2021","Umudike","2021","NR17C2aF61P010",2.437,8.947,542,0.882
"302","Umudike_2021","Umudike","2021","NR17C2aF61P011",2.042,7.581,392,0.857
"303","Umudike_2021","Umudike","2021","NR17C2aF61P013",2.38,9.319,442,0.938
"304","Umudike_2021","Umudike","2021","NR17C2aF61P015",2.817,9.011,539,0.791
"305","Umudike_2021","Umudike","2021","NR17C2aF61P016",2.072,10.109,432,0.787
"306","Umudike_2021","Umudike","2021","NR17C2aF62P020",3.043,9.931,531,0.858
"307","Umudike_2021","Umudike","2021","NR17C2aF62P024",2.364,7.551,468,0.862
"308","Umudike_2021","Umudike","2021","NR17C2aF62P027",2.295,9.484,401,0.936
"309","Umudike_2021","Umudike","2021","NR17C2aF65P009",NA,10.146,NA,NA
"310","Umudike_2021","Umudike","2021","NR17C2aF65P010",1.768,10.264,413,0.792
"311","Umudike_2021","Umudike","2021","NR17C2aF65P017",1.561,10.371,277,0.879
"312","Umudike_2021","Umudike","2021","NR17C2aF65P031",1.581,10.091,NA,NA
"313","Umudike_2021","Umudike","2021","NR17C2aF66P014",2.197,10.102,582,0.855
"314","Umudike_2021","Umudike","2021","NR17C2aF69P009",2.286,9.256,494,0.714
"315","Umudike_2021","Umudike","2021","NR17C2aF6P005",1.833,7.418,372,0.756
"316","Umudike_2021","Umudike","2021","NR17C2aF6P007",2.158,11.115,413,0.845
"317","Umudike_2021","Umudike","2021","NR17C2aF6P030",2.55,8.67,497,0.764
"318","Umudike_2021","Umudike","2021","NR17C2aF6P037",1.781,9.833,484,0.822
"319","Umudike_2021","Umudike","2021","NR17C2aF6P044",2.164,8.674,469,0.841
"320","Umudike_2021","Umudike","2021","NR17C2aF6P045",2.352,8.912,NA,NA
"321","Umudike_2021","Umudike","2021","NR17C2aF70P007",2,8.637,522,0.857
"322","Umudike_2021","Umudike","2021","NR17C2aF70P008",1.935,9.151,426,0.938
"323","Umudike_2021","Umudike","2021","NR17C2aF79P001",1.986,8.156,567,0.792
"324","Umudike_2021","Umudike","2021","NR17C2aF79P005",2.321,7.773,314,0.702
"325","Umudike_2021","Umudike","2021","NR17C2aF79P008",2.88,9.467,563,0.836
"326","Umudike_2021","Umudike","2021","NR17C2aF79P016",2,8.242,402,0.816
"327","Umudike_2021","Umudike","2021","NR17C2aF7P007",2.233,8.264,470,0.789
"328","Umudike_2021","Umudike","2021","NR17C2aF7P008",1.915,10.344,292,0.837
"329","Umudike_2021","Umudike","2021","NR17C2aF7P023",NA,8.078,NA,NA
"330","Umudike_2021","Umudike","2021","NR17C2aF7P030",1.882,9.36,460,0.761
"331","Umudike_2021","Umudike","2021","NR17C2aF7P036",2.3,8.73,421,0.822
"332","Umudike_2021","Umudike","2021","NR17C2aF7P044",1.714,8.216,410,1.121
"333","Umudike_2021","Umudike","2021","NR17C2aF7P045",1.203,NA,232,0.681
"334","Umudike_2021","Umudike","2021","NR17C2aF7P050",2.209,9.159,620,0.758
"335","Umudike_2021","Umudike","2021","NR17C2aF7P052",2.08,10.66,371,0.835
"336","Umudike_2021","Umudike","2021","NR17C2aF7P058",2.645,8.888,615,0.777
"337","Umudike_2021","Umudike","2021","NR17C2aF7P065",NA,9.128,NA,NA
"338","Umudike_2021","Umudike","2021","NR17C2aF7P070",NA,10.862,NA,NA
"339","Umudike_2021","Umudike","2021","NR17C2aF81P003",2.826,9.963,498,0.718
"340","Umudike_2021","Umudike","2021","NR17C2aF82P008",2.048,8.495,508,0.714
"341","Umudike_2021","Umudike","2021","NR17C2aF83P010",2.66,8.647,524,0.791
"342","Umudike_2021","Umudike","2021","NR17C2aF83P018",1.66,9.378,348,0.725
"343","Umudike_2021","Umudike","2021","NR17C2aF84P004",1.817,8.247,456,0.772
"344","Umudike_2021","Umudike","2021","NR17C2aF87P010",1.886,7.88,471,0.717
"345","Umudike_2021","Umudike","2021","NR17C2aF89P002",1.882,11,459,0.812
"346","Umudike_2021","Umudike","2021","NR17C2aF89P003",2.107,9.495,315,0.912
"347","Umudike_2021","Umudike","2021","NR17C2aF89P009",1.879,10.449,447,0.85
"348","Umudike_2021","Umudike","2021","NR17C2aF89P010",1.49,9.053,282,0.919
"349","Umudike_2021","Umudike","2021","NR17C2aF89P018",2.729,10.716,531,0.824
"350","Umudike_2021","Umudike","2021","NR17C2aF89P020",1.86,10.326,384,0.769
"351","Umudike_2021","Umudike","2021","NR17C2aF89P028",1.924,8.385,542,0.833
"352","Umudike_2021","Umudike","2021","NR17C2aF89P034",1.793,8.12,395,0.926
"353","Umudike_2021","Umudike","2021","NR17C2aF89P050",1.562,8.4,439,0.913
"354","Umudike_2021","Umudike","2021","NR17C2aF89P054",NA,8.477,NA,NA
"355","Umudike_2021","Umudike","2021","NR17C2aF89P058",2.183,NA,474,0.803
"356","Umudike_2021","Umudike","2021","NR17C2aF89P067",2.139,8.817,450,0.743
"357","Umudike_2021","Umudike","2021","NR17C2aF89P069",2,8.8,547,0.753
"358","Umudike_2021","Umudike","2021","NR17C2aF89P071",2.56,9.078,467,0.882
"359","Umudike_2021","Umudike","2021","NR17C2aF89P088",2.22,9,403,0.842
"360","Umudike_2021","Umudike","2021","NR17C2aF89P096",1.483,10.761,370,0.719
"361","Umudike_2021","Umudike","2021","NR17C2aF90P001",2.115,8.436,464,0.709
"362","Umudike_2021","Umudike","2021","NR17C2aF90P007",NA,9.587,NA,NA
"363","Umudike_2021","Umudike","2021","NR17C2aF90P008",2.05,8.12,477,0.761
"364","Umudike_2021","Umudike","2021","NR17C2aF91P004",2.82,10.091,529,0.774
"365","Umudike_2021","Umudike","2021","NR17C2aF91P006",1.449,7.667,488,0.78
"366","Umudike_2021","Umudike","2021","NR17C2aF92P001",1.886,8.063,451,0.714
"367","Umudike_2021","Umudike","2021","NR17C2aF92P003",1.747,8.464,482,0.823
"368","Umudike_2021","Umudike","2021","NR17C2aF92P005",2.52,9.167,529,0.731
"369","Umudike_2021","Umudike","2021","NR17C2aF93P010",2.625,7.287,575,0.759
"370","Umudike_2021","Umudike","2021","NR17C2aF94P013",1.843,8.256,528,0.698
"371","Umudike_2021","Umudike","2021","NR17C2aF95P003",2.273,8.736,481,0.833
"372","Umudike_2021","Umudike","2021","NR17C2aF95P009",2.232,8.659,580,0.667
"373","Umudike_2021","Umudike","2021","NR17C2aF95P011",1.543,8.714,402,0.75
"374","Umudike_2021","Umudike","2021","NR17C2aF97P002",2.351,8.021,483,0.742
"375","Umudike_2021","Umudike","2021","NR17C2aF98P001",2.132,8.158,550,0.752
"376","Umudike_2021","Umudike","2021","NR17C2aF99P002",1.932,8.423,411,0.852
"377","Umudike_2021","Umudike","2021","NR17C2aF9P010",1.985,9.576,521,0.833
"378","Umudike_2021","Umudike","2021","NR17C2aF9P013",1.434,8.233,414,0.713
"379","Umudike_2021","Umudike","2021","TMEB419",2.304,10.352,505,0.923
"380","Umudike_2021","Umudike","2021","TMEB7",1.719,10.278,435,0.759
"1100","Otobi_2022","Otobi","2022","IITA-TMS-IBA30572",2.44,6.5,540,0.828
"2100","Otobi_2022","Otobi","2022","NR17C2aF103P001",2.5,7.645,545,0.769
"381","Otobi_2022","Otobi","2022","NR17C2aF10P001",2.32,6.235,477,0.833
"410","Otobi_2022","Otobi","2022","NR17C2aF10P002",3.15,6.989,503,0.719
"510","Otobi_2022","Otobi","2022","NR17C2aF10P006",2.357,7.5,520,0.816
"610","Otobi_2022","Otobi","2022","NR17C2aF10P016",2.483,7.376,573,0.839
"710","Otobi_2022","Otobi","2022","NR17C2aF10P017",2.72,7.622,489,0.79
"810","Otobi_2022","Otobi","2022","NR17C2aF10P021",2.72,6.879,496,0.857
"910","Otobi_2022","Otobi","2022","NR17C2aF10P025",2.357,7.459,573,0.781
"1010","Otobi_2022","Otobi","2022","NR17C2aF114P004",2.4,6.794,519,0.715
"1110","Otobi_2022","Otobi","2022","NR17C2aF120P002",2.8,7.867,586,0.769
"1210","Otobi_2022","Otobi","2022","NR17C2aF121P001",2.955,7.737,509,0.876
"1310","Otobi_2022","Otobi","2022","NR17C2aF121P005",3.095,7.082,531,0.833
"1410","Otobi_2022","Otobi","2022","NR17C2aF12P001",2.346,6.949,563,0.833
"1510","Otobi_2022","Otobi","2022","NR17C2aF13P001",2.321,7.768,478,0.723
"1610","Otobi_2022","Otobi","2022","NR17C2aF14P014",2.536,7.622,570,0.811
"1710","Otobi_2022","Otobi","2022","NR17C2aF14P016",2.857,6.184,487,0.896
"1810","Otobi_2022","Otobi","2022","NR17C2aF15P003",2.6,7.755,599,0.8
"1910","Otobi_2022","Otobi","2022","NR17C2aF15P011",2.8,7.116,486,0.857
"2010","Otobi_2022","Otobi","2022","NR17C2aF15P016",2.5,7.576,551,0.788
"2110","Otobi_2022","Otobi","2022","NR17C2aF15P022",2.538,7.367,563,0.79
"2210","Otobi_2022","Otobi","2022","NR17C2aF15P032",2.267,7.557,550,0.763
"2310","Otobi_2022","Otobi","2022","NR17C2aF16P003",2.074,7.414,486,0.811
"2410","Otobi_2022","Otobi","2022","NR17C2aF16P004",2.417,7.194,495,0.839
"2510","Otobi_2022","Otobi","2022","NR17C2aF16P010",2.6,6.907,503,0.792
"2610","Otobi_2022","Otobi","2022","NR17C2aF16P013",2.4,7.406,496,0.909
"2710","Otobi_2022","Otobi","2022","NR17C2aF18P008",3.15,7.34,520,0.79
"2810","Otobi_2022","Otobi","2022","NR17C2aF18P015",3.182,7.367,531,0.79
"2910","Otobi_2022","Otobi","2022","NR17C2aF18P018",2.609,7.379,480,0.811
"3010","Otobi_2022","Otobi","2022","NR17C2aF19P002",2.8,6.865,566,0.75
"3110","Otobi_2022","Otobi","2022","NR17C2aF1P003",2.44,6.818,497,0.833
"3210","Otobi_2022","Otobi","2022","NR17C2aF1P006",2.4,8,541,0.85
"3310","Otobi_2022","Otobi","2022","NR17C2aF1P009",2.5,7.337,564,0.809
"3410","Otobi_2022","Otobi","2022","NR17C2aF21P004",2.8,6.776,582,0.79
"3510","Otobi_2022","Otobi","2022","NR17C2aF27P001",2.292,6.933,482,0.77
"3610","Otobi_2022","Otobi","2022","NR17C2aF28P002",2.321,6.768,471,0.741
"3710","Otobi_2022","Otobi","2022","NR17C2aF29P001",2.833,7.969,535,0.785
"382","Otobi_2022","Otobi","2022","NR17C2aF33P002",2.444,7.897,491,0.841
"391","Otobi_2022","Otobi","2022","NR17C2aF33P003",2.346,7.918,497,0.79
"401","Otobi_2022","Otobi","2022","NR17C2aF35P004",2.56,7.847,513,0.8
"411","Otobi_2022","Otobi","2022","NR17C2aF37P001",2.6,6.541,407,0.876
"421","Otobi_2022","Otobi","2022","NR17C2aF39P002",2.143,5.701,404,0.82
"431","Otobi_2022","Otobi","2022","NR17C2aF40P004",2.708,6.946,509,0.845
"441","Otobi_2022","Otobi","2022","NR17C2aF46P012",2.522,7.707,502,0.833
"451","Otobi_2022","Otobi","2022","NR17C2aF49P006",2.68,6.856,501,0.822
"461","Otobi_2022","Otobi","2022","NR17C2aF54P001",2.692,6.908,425,0.855
"471","Otobi_2022","Otobi","2022","NR17C2aF54P002",2.4,8.573,522,0.855
"481","Otobi_2022","Otobi","2022","NR17C2aF54P010",2.37,7.897,564,0.833
"491","Otobi_2022","Otobi","2022","NR17C2aF54P015",2.625,7.515,457,0.811
"501","Otobi_2022","Otobi","2022","NR17C2aF5P017",2.64,7.747,523,0.8
"511","Otobi_2022","Otobi","2022","NR17C2aF5P026",3,7.379,491,0.857
"521","Otobi_2022","Otobi","2022","NR17C2aF60P003",2.75,7.859,431,0.765
"531","Otobi_2022","Otobi","2022","NR17C2aF60P006",2.667,6.687,565,0.833
"541","Otobi_2022","Otobi","2022","NR17C2aF60P007",2.48,7.424,501,0.811
"551","Otobi_2022","Otobi","2022","NR17C2aF60P009",2.4,6.602,506,0.779
"561","Otobi_2022","Otobi","2022","NR17C2aF60P010",2.522,7.143,494,0.806
"571","Otobi_2022","Otobi","2022","NR17C2aF60P012",3.5,7.112,529,0.855
"581","Otobi_2022","Otobi","2022","NR17C2aF60P015",2.63,8.479,532,0.811
"591","Otobi_2022","Otobi","2022","NR17C2aF60P019",2.5,7.122,515,0.674
"601","Otobi_2022","Otobi","2022","NR17C2aF60P020",2.259,7.266,528,0.779
"611","Otobi_2022","Otobi","2022","NR17C2aF61P002",2.233,8.667,583,0.883
"621","Otobi_2022","Otobi","2022","NR17C2aF61P003",3.4,7.745,515,0.857
"631","Otobi_2022","Otobi","2022","NR17C2aF61P004",2.28,7.125,529,0.833
"641","Otobi_2022","Otobi","2022","NR17C2aF61P006",2.917,6.918,615,0.809
"651","Otobi_2022","Otobi","2022","NR17C2aF61P007",2.407,7.903,507,0.851
"661","Otobi_2022","Otobi","2022","NR17C2aF61P008",3.095,6.854,504,0.857
"671","Otobi_2022","Otobi","2022","NR17C2aF61P009",2.909,7.051,522,0.822
"681","Otobi_2022","Otobi","2022","NR17C2aF61P010",2.727,7.6,520,0.822
"691","Otobi_2022","Otobi","2022","NR17C2aF61P011",2.083,6.01,406,0.755
"701","Otobi_2022","Otobi","2022","NR17C2aF61P013",2.52,7.939,547,0.811
"711","Otobi_2022","Otobi","2022","NR17C2aF61P015",2.333,7.293,529,0.811
"721","Otobi_2022","Otobi","2022","NR17C2aF61P016",2.905,7.118,520,0.779
"731","Otobi_2022","Otobi","2022","NR17C2aF62P015",2.4,6.525,398,0.874
"741","Otobi_2022","Otobi","2022","NR17C2aF62P020",2.48,8.242,522,0.782
"751","Otobi_2022","Otobi","2022","NR17C2aF62P027",2.5,7.906,453,0.87
"761","Otobi_2022","Otobi","2022","NR17C2aF65P009",2.4,6.423,481,0.809
"771","Otobi_2022","Otobi","2022","NR17C2aF65P020",2.192,6.949,469,0.806
"781","Otobi_2022","Otobi","2022","NR17C2aF65P024",2.5,6.768,427,0.682
"791","Otobi_2022","Otobi","2022","NR17C2aF65P027",2.37,7.02,565,0.79
"801","Otobi_2022","Otobi","2022","NR17C2aF65P031",2.037,6.374,525,0.751
"811","Otobi_2022","Otobi","2022","NR17C2aF66P002",2.875,8.125,545,0.79
"821","Otobi_2022","Otobi","2022","NR17C2aF66P003",2.542,7.455,558,0.75
"831","Otobi_2022","Otobi","2022","NR17C2aF66P014",2.156,7.989,544,0.785
"841","Otobi_2022","Otobi","2022","NR17C2aF69P009",2.345,7.042,538,0.787
"851","Otobi_2022","Otobi","2022","NR17C2aF6P006",2.5,6.979,484,0.769
"861","Otobi_2022","Otobi","2022","NR17C2aF6P007",2.44,7.144,493,0.771
"871","Otobi_2022","Otobi","2022","NR17C2aF6P030",2.321,7.32,502,0.717
"881","Otobi_2022","Otobi","2022","NR17C2aF6P044",2.222,8.082,177,0.826
"891","Otobi_2022","Otobi","2022","NR17C2aF6P045",2.083,6.732,364,0.769
"901","Otobi_2022","Otobi","2022","NR17C2aF6P046",3,7.421,500,0.79
"911","Otobi_2022","Otobi","2022","NR17C2aF70P001",2.6,7.469,473,0.811
"921","Otobi_2022","Otobi","2022","NR17C2aF70P007",2.6,7.14,530,0.876
"931","Otobi_2022","Otobi","2022","NR17C2aF70P008",2.308,7.155,488,0.79
"941","Otobi_2022","Otobi","2022","NR17C2aF71P001",3.4,7.663,531,0.833
"951","Otobi_2022","Otobi","2022","NR17C2aF79P001",2.818,7.74,545,0.857
"961","Otobi_2022","Otobi","2022","NR17C2aF79P005",2.542,8.023,464,0.76
"971","Otobi_2022","Otobi","2022","NR17C2aF79P007",3.25,7.273,545,0.853
"981","Otobi_2022","Otobi","2022","NR17C2aF79P008",2.48,7.937,494,0.811
"991","Otobi_2022","Otobi","2022","NR17C2aF79P016",2.625,7.063,520,0.857
"1001","Otobi_2022","Otobi","2022","NR17C2aF7P007",2.462,7.883,511,0.789
"1011","Otobi_2022","Otobi","2022","NR17C2aF7P008",2.5,7.535,514,0.857
"1021","Otobi_2022","Otobi","2022","NR17C2aF7P011",2.545,6.192,504,0.789
"1031","Otobi_2022","Otobi","2022","NR17C2aF7P013",2.84,7.34,514,0.811
"1041","Otobi_2022","Otobi","2022","NR17C2aF7P017",2.4,6.98,505,0.826
"1051","Otobi_2022","Otobi","2022","NR17C2aF7P018",2.4,7.34,473,0.785
"1061","Otobi_2022","Otobi","2022","NR17C2aF7P023",2.6,7.04,478,0.779
"1071","Otobi_2022","Otobi","2022","NR17C2aF7P030",2.583,6.543,482,0.834
"1081","Otobi_2022","Otobi","2022","NR17C2aF7P034",2.773,5.859,491,0.75
"1091","Otobi_2022","Otobi","2022","NR17C2aF7P036",2.4,7.144,515,0.811
"1101","Otobi_2022","Otobi","2022","NR17C2aF7P044",2.667,6.763,550,1.512
"1111","Otobi_2022","Otobi","2022","NR17C2aF7P045",3.1,6.778,494,0.811
"1121","Otobi_2022","Otobi","2022","NR17C2aF7P050",2.609,7.01,456,0.795
"1131","Otobi_2022","Otobi","2022","NR17C2aF7P052",3,6.657,470,0.811
"1141","Otobi_2022","Otobi","2022","NR17C2aF7P058",2.917,7.457,569,0.862
"1151","Otobi_2022","Otobi","2022","NR17C2aF7P062",2.48,7.615,507,0.834
"1161","Otobi_2022","Otobi","2022","NR17C2aF7P065",3.143,6.755,535,0.824
"1171","Otobi_2022","Otobi","2022","NR17C2aF7P067",3,7.226,476,0.839
"1181","Otobi_2022","Otobi","2022","NR17C2aF7P070",3.5,6.253,633,0.811
"1191","Otobi_2022","Otobi","2022","NR17C2aF81P002",2.778,6.929,602,0.75
"1201","Otobi_2022","Otobi","2022","NR17C2aF81P003",2.333,7.242,562,0.765
"1211","Otobi_2022","Otobi","2022","NR17C2aF82P002",2.56,9.531,506,0.769
"1221","Otobi_2022","Otobi","2022","NR17C2aF82P008",2.917,7.235,553,0.769
"1231","Otobi_2022","Otobi","2022","NR17C2aF83P010",2.6,7.485,521,0.811
"1241","Otobi_2022","Otobi","2022","NR17C2aF83P018",2.917,6.567,477,0.834
"1251","Otobi_2022","Otobi","2022","NR17C2aF84P004",2.667,7.854,522,0.857
"1261","Otobi_2022","Otobi","2022","NR17C2aF87P010",2.5,7.8,556,0.822
"1271","Otobi_2022","Otobi","2022","NR17C2aF87P011",2.5,7.581,518,0.732
"1281","Otobi_2022","Otobi","2022","NR17C2aF89P002",2.682,7.237,474,0.811
"1291","Otobi_2022","Otobi","2022","NR17C2aF89P003",2.625,7.969,518,0.909
"1301","Otobi_2022","Otobi","2022","NR17C2aF89P008",2.696,7.095,463,0.769
"1311","Otobi_2022","Otobi","2022","NR17C2aF89P009",2.097,6.545,466,0.826
"1321","Otobi_2022","Otobi","2022","NR17C2aF89P010",2.308,6.938,561,0.851
"1331","Otobi_2022","Otobi","2022","NR17C2aF89P013",2.692,6.742,554,0.769
"1341","Otobi_2022","Otobi","2022","NR17C2aF89P014",2.56,6.505,487,0.857
"1351","Otobi_2022","Otobi","2022","NR17C2aF89P018",2.6,6.918,533,0.857
"1361","Otobi_2022","Otobi","2022","NR17C2aF89P020",3.25,6.383,483,0.81
"1371","Otobi_2022","Otobi","2022","NR17C2aF89P021",2.905,7.402,494,0.856
"1381","Otobi_2022","Otobi","2022","NR17C2aF89P028",3.444,5.747,550,0.755
"1391","Otobi_2022","Otobi","2022","NR17C2aF89P041",3.25,6.632,574,0.789
"1401","Otobi_2022","Otobi","2022","NR17C2aF89P045",2.348,6.5,339,0.736
"1411","Otobi_2022","Otobi","2022","NR17C2aF89P050",2.391,6.402,491,0.822
"1421","Otobi_2022","Otobi","2022","NR17C2aF89P054",2.708,7.812,544,0.736
"1431","Otobi_2022","Otobi","2022","NR17C2aF89P058",2.538,6.879,432,0.811
"1441","Otobi_2022","Otobi","2022","NR17C2aF89P067",3.524,7.2,602,0.723
"1451","Otobi_2022","Otobi","2022","NR17C2aF89P069",2.48,6.303,520,0.857
"1461","Otobi_2022","Otobi","2022","NR17C2aF89P071",2.385,7.134,466,0.779
"1471","Otobi_2022","Otobi","2022","NR17C2aF89P088",2.385,6.602,487,0.769
"1481","Otobi_2022","Otobi","2022","NR17C2aF89P091",3.333,8.191,483,0.824
"1491","Otobi_2022","Otobi","2022","NR17C2aF89P096",2.64,5.798,244,0.8
"1501","Otobi_2022","Otobi","2022","NR17C2aF89P102",2.6,7.326,535,0.678
"1511","Otobi_2022","Otobi","2022","NR17C2aF90P007",3,8.744,561,0.769
"1521","Otobi_2022","Otobi","2022","NR17C2aF91P001",2.609,7.404,503,0.833
"1531","Otobi_2022","Otobi","2022","NR17C2aF91P004",2.6,7.697,536,0.768
"1541","Otobi_2022","Otobi","2022","NR17C2aF91P006",2.88,7.635,531,0.831
"1551","Otobi_2022","Otobi","2022","NR17C2aF91P011",2.609,7.344,584,0.833
"1561","Otobi_2022","Otobi","2022","NR17C2aF92P001",2.826,6.384,502,0.811
"1571","Otobi_2022","Otobi","2022","NR17C2aF92P002",2.318,6.235,528,0.85
"1581","Otobi_2022","Otobi","2022","NR17C2aF92P003",3.15,8.915,575,0.774
"1591","Otobi_2022","Otobi","2022","NR17C2aF92P005",2.64,7.866,505,0.829
"1601","Otobi_2022","Otobi","2022","NR17C2aF93P009",2.542,8.042,513,0.785
"1611","Otobi_2022","Otobi","2022","NR17C2aF93P010",2.577,7.663,509,0.831
"1621","Otobi_2022","Otobi","2022","NR17C2aF94P013",2.808,7.899,555,0.76
"1631","Otobi_2022","Otobi","2022","NR17C2aF95P003",2.5,7.227,480,0.785
"1641","Otobi_2022","Otobi","2022","NR17C2aF95P009",2.375,6.432,488,0.75
"1651","Otobi_2022","Otobi","2022","NR17C2aF95P011",2.6,7.615,468,0.76
"1661","Otobi_2022","Otobi","2022","NR17C2aF95P015",2.84,7.412,605,0.732
"1671","Otobi_2022","Otobi","2022","NR17C2aF95P021",2.625,6.859,526,0.834
"1681","Otobi_2022","Otobi","2022","NR17C2aF96P004",2.56,6.949,509,0.79
"1691","Otobi_2022","Otobi","2022","NR17C2aF97P002",2.826,6.96,515,0.789
"1701","Otobi_2022","Otobi","2022","NR17C2aF98P001",2.708,6.929,490,0.785
"1711","Otobi_2022","Otobi","2022","NR17C2aF99P002",2.6,7.293,522,0.833
"1721","Otobi_2022","Otobi","2022","NR17C2aF9P010",3.1,7.495,548,0.839
"1731","Otobi_2022","Otobi","2022","NR17C2aF9P013",2.222,7.265,441,0.806
"1741","Otobi_2022","Otobi","2022","NR8082",3.333,7.082,538,0.822
"1751","Otobi_2022","Otobi","2022","TMEB419",2.593,7.121,504,0.769
"1761","Otobi_2022","Otobi","2022","TMEB7",2.65,6.925,455,0.834
"y.1","Umudike_2022","Umudike","2022","IITA-TMS-IBA30572",3,7.234,598,0.79
"y.2","Umudike_2022","Umudike","2022","NR17C2aF103P001",2.96,7.729,536,0.76
"y.3","Umudike_2022","Umudike","2022","NR17C2aF10P001",2.917,8.621,588,0.845
"y.4","Umudike_2022","Umudike","2022","NR17C2aF10P002",3.2,8.109,617,0.76
"y.5","Umudike_2022","Umudike","2022","NR17C2aF10P006",3.083,7.299,539,0.75
"y.6","Umudike_2022","Umudike","2022","NR17C2aF10P011",2.6,9.979,602,0.714
"y.7","Umudike_2022","Umudike","2022","NR17C2aF10P016",3.04,7.784,655,0.741
"y.8","Umudike_2022","Umudike","2022","NR17C2aF10P017",3.182,9.167,526,0.833
"y.9","Umudike_2022","Umudike","2022","NR17C2aF10P021",2.807,8.033,630,0.726
"y.10","Umudike_2022","Umudike","2022","NR17C2aF10P025",4,7.192,574,0.75
"y.11","Umudike_2022","Umudike","2022","NR17C2aF114P002",2.917,8.483,502,0.732
"y.12","Umudike_2022","Umudike","2022","NR17C2aF114P004",3.571,7.724,650,0.834
"y.13","Umudike_2022","Umudike","2022","NR17C2aF120P002",3.571,6.636,563,0.682
"y.14","Umudike_2022","Umudike","2022","NR17C2aF121P005",3,9.286,658,0.667
"y.15","Umudike_2022","Umudike","2022","NR17C2aF12P001",2.692,8.573,577,0.723
"y.16","Umudike_2022","Umudike","2022","NR17C2aF13P001",2.167,8.923,491,0.834
"y.17","Umudike_2022","Umudike","2022","NR17C2aF14P016",3.043,6,512,0.845
"y.18","Umudike_2022","Umudike","2022","NR17C2aF15P003",3.16,6.677,634,0.75
"y.19","Umudike_2022","Umudike","2022","NR17C2aF15P011",2.96,9.565,582,0.683
"y.20","Umudike_2022","Umudike","2022","NR17C2aF15P016",2.44,6.674,502,0.845
"y.21","Umudike_2022","Umudike","2022","NR17C2aF15P022",2.76,8.566,576,0.753
"y.22","Umudike_2022","Umudike","2022","NR17C2aF15P032",2.64,7.032,507,0.779
"y.23","Umudike_2022","Umudike","2022","NR17C2aF15P041",2.6,7.925,538,0.682
"y.24","Umudike_2022","Umudike","2022","NR17C2aF16P003",2.6,6.713,549,0.938
"y.25","Umudike_2022","Umudike","2022","NR17C2aF16P010",3,8.835,529,0.79
"y.26","Umudike_2022","Umudike","2022","NR17C2aF16P013",2.538,7,572,0.741
"y.27","Umudike_2022","Umudike","2022","NR17C2aF18P008",2.8,6.732,500,0.811
"y.28","Umudike_2022","Umudike","2022","NR17C2aF18P015",3,6.918,547,0.789
"y.29","Umudike_2022","Umudike","2022","NR17C2aF18P018",2.556,9.633,561,0.811
"y.30","Umudike_2022","Umudike","2022","NR17C2aF19P002",3.429,7.198,486,0.8
"y.31","Umudike_2022","Umudike","2022","NR17C2aF1P003",3.286,7.885,496,0.834
"y.32","Umudike_2022","Umudike","2022","NR17C2aF1P006",3.087,7.537,612,0.759
"y.33","Umudike_2022","Umudike","2022","NR17C2aF1P009",2.84,7.543,577,0.79
"y.34","Umudike_2022","Umudike","2022","NR17C2aF21P004",2.308,7.163,486,0.857
"y.35","Umudike_2022","Umudike","2022","NR17C2aF28P002",3.125,9.865,526,0.8
"y.36","Umudike_2022","Umudike","2022","NR17C2aF29P001",2.625,10.309,429,0.811
"y.37","Umudike_2022","Umudike","2022","NR17C2aF33P002",3.091,6.835,556,0.883
"y.38","Umudike_2022","Umudike","2022","NR17C2aF33P003",3.2,6.51,518,0.75
"y.39","Umudike_2022","Umudike","2022","NR17C2aF35P004",2.979,8.724,609.5,0.788
"y.40","Umudike_2022","Umudike","2022","NR17C2aF39P002",2.739,10.043,439,0.858
"y.41","Umudike_2022","Umudike","2022","NR17C2aF40P004",3,8.945,650,0.78
"y.42","Umudike_2022","Umudike","2022","NR17C2aF46P012",2.792,7.106,531,0.811
"y.43","Umudike_2022","Umudike","2022","NR17C2aF49P006",2.609,9.152,499,0.834
"y.44","Umudike_2022","Umudike","2022","NR17C2aF54P001",3.5,8.072,545,0.857
"y.45","Umudike_2022","Umudike","2022","NR17C2aF54P002",3.125,8.787,605,0.757
"y.46","Umudike_2022","Umudike","2022","NR17C2aF54P005",3.19,7.258,558,0.779
"y.47","Umudike_2022","Umudike","2022","NR17C2aF54P010",3.04,10.149,592,0.769
"y.48","Umudike_2022","Umudike","2022","NR17C2aF54P012",3.636,9.531,633,0.78
"y.49","Umudike_2022","Umudike","2022","NR17C2aF5P017",2.8,9.924,526,0.77
"y.50","Umudike_2022","Umudike","2022","NR17C2aF5P026",2.708,9.626,475,0.8
"y.51","Umudike_2022","Umudike","2022","NR17C2aF60P003",2.692,10.022,616,0.78
"y.52","Umudike_2022","Umudike","2022","NR17C2aF60P006",2.8,7.153,524,0.822
"y.53","Umudike_2022","Umudike","2022","NR17C2aF60P007",3.381,6.711,540,0.857
"y.54","Umudike_2022","Umudike","2022","NR17C2aF60P009",3.043,8.598,473,0.822
"y.55","Umudike_2022","Umudike","2022","NR17C2aF60P010",2.857,8.642,524,0.779
"y.56","Umudike_2022","Umudike","2022","NR17C2aF60P012",2.615,8.755,598,0.75
"y.57","Umudike_2022","Umudike","2022","NR17C2aF60P015",3.35,8.607,652.5,0.801
"y.58","Umudike_2022","Umudike","2022","NR17C2aF60P019",2.654,6.802,218,0.811
"y.59","Umudike_2022","Umudike","2022","NR17C2aF60P020",3.364,8.5,536,0.667
"y.60","Umudike_2022","Umudike","2022","NR17C2aF61P002",3.12,8.702,694,0.75
"y.61","Umudike_2022","Umudike","2022","NR17C2aF61P004",2.8,7.532,503,0.765
"y.62","Umudike_2022","Umudike","2022","NR17C2aF61P006",3.333,8.316,608,0.833
"y.63","Umudike_2022","Umudike","2022","NR17C2aF61P007",2.88,6.796,604,0.79
"y.64","Umudike_2022","Umudike","2022","NR17C2aF61P009",2.88,9.667,549,0.769
"y.65","Umudike_2022","Umudike","2022","NR17C2aF61P010",3.55,7.295,596,0.857
"y.66","Umudike_2022","Umudike","2022","NR17C2aF61P011",2.8,6.168,504,0.883
"y.67","Umudike_2022","Umudike","2022","NR17C2aF61P013",3.043,7.531,554,0.82
"y.68","Umudike_2022","Umudike","2022","NR17C2aF61P015",2.167,9.494,579,0.896
"y.69","Umudike_2022","Umudike","2022","NR17C2aF62P015",2.84,8.688,533,0.779
"y.70","Umudike_2022","Umudike","2022","NR17C2aF62P020",3.81,8.032,560,0.791
"y.71","Umudike_2022","Umudike","2022","NR17C2aF62P024",2.937,8.286,560.5,0.781
"y.72","Umudike_2022","Umudike","2022","NR17C2aF65P009",2.958,9.07,564,0.779
"y.73","Umudike_2022","Umudike","2022","NR17C2aF65P017",2.8,7.609,539,0.77
"y.74","Umudike_2022","Umudike","2022","NR17C2aF65P020",2,6.268,477,0.952
"y.75","Umudike_2022","Umudike","2022","NR17C2aF65P024",2.792,9.448,456,0.714
"y.76","Umudike_2022","Umudike","2022","NR17C2aF65P027",3.261,6.413,520,0.857
"y.77","Umudike_2022","Umudike","2022","NR17C2aF66P014",2.037,7.247,496,0.845
"y.78","Umudike_2022","Umudike","2022","NR17C2aF69P009",2.792,7.084,551,0.761
"y.79","Umudike_2022","Umudike","2022","NR17C2aF6P005",2.64,7.947,563,0.653
"y.80","Umudike_2022","Umudike","2022","NR17C2aF6P007",3.381,7.293,560,0.769
"y.81","Umudike_2022","Umudike","2022","NR17C2aF6P030",2.962,7.457,580,0.75
"y.82","Umudike_2022","Umudike","2022","NR17C2aF6P044",2.86,8.614,597,0.763
"y.83","Umudike_2022","Umudike","2022","NR17C2aF6P045",2.6,7.564,565,0.76
"y.84","Umudike_2022","Umudike","2022","NR17C2aF6P046",3.034,8.03,621,0.706
"y.85","Umudike_2022","Umudike","2022","NR17C2aF70P001",2.455,8.438,591.5,0.739
"y.86","Umudike_2022","Umudike","2022","NR17C2aF70P007",3.5,6.84,482,0.834
"y.87","Umudike_2022","Umudike","2022","NR17C2aF70P008",3.432,7.148,509,0.75
"y.88","Umudike_2022","Umudike","2022","NR17C2aF79P001",3.5,7.204,552,0.8
"y.89","Umudike_2022","Umudike","2022","NR17C2aF79P005",3,8.75,548,0.801
"y.90","Umudike_2022","Umudike","2022","NR17C2aF79P007",2.48,9.648,535.5,0.751
"y.91","Umudike_2022","Umudike","2022","NR17C2aF79P016",2.913,8.722,596,0.811
"y.92","Umudike_2022","Umudike","2022","NR17C2aF7P007",3,6.865,477,0.822
"y.93","Umudike_2022","Umudike","2022","NR17C2aF7P008",3.5,7.253,583,0.732
"y.94","Umudike_2022","Umudike","2022","NR17C2aF7P023",2.857,7.699,511,0.789
"y.95","Umudike_2022","Umudike","2022","NR17C2aF7P030",3.05,6.469,488,0.822
"y.96","Umudike_2022","Umudike","2022","NR17C2aF7P044",3.2,8.461,619,0.683
"y.97","Umudike_2022","Umudike","2022","NR17C2aF7P045",2.955,8.758,536,0.761
"y.98","Umudike_2022","Umudike","2022","NR17C2aF7P052",2.8,9.809,534,0.801
"y.99","Umudike_2022","Umudike","2022","NR17C2aF7P058",3.077,8.582,583,0.714
"y.100","Umudike_2022","Umudike","2022","NR17C2aF7P062",2.692,6.818,552,0.8
"y.101","Umudike_2022","Umudike","2022","NR17C2aF7P065",2.9,7.699,559,0.8
"y.102","Umudike_2022","Umudike","2022","NR17C2aF7P067",3.222,7.831,579.5,0.691
"y.103","Umudike_2022","Umudike","2022","NR17C2aF7P070",2.697,8.46,530.5,0.786
"y.104","Umudike_2022","Umudike","2022","NR17C2aF7P071",2.381,8.44,365,0.858
"y.105","Umudike_2022","Umudike","2022","NR17C2aF81P002",2.92,7.214,638,0.638
"y.106","Umudike_2022","Umudike","2022","NR17C2aF81P003",2.8,8.011,608,0.801
"y.107","Umudike_2022","Umudike","2022","NR17C2aF82P002",3.12,9.213,637,0.834
"y.108","Umudike_2022","Umudike","2022","NR17C2aF82P008",3.478,7.642,645,0.682
"y.109","Umudike_2022","Umudike","2022","NR17C2aF83P018",2.28,9.587,516,0.801
"y.110","Umudike_2022","Umudike","2022","NR17C2aF84P004",3.333,9.323,596,0.822
"y.111","Umudike_2022","Umudike","2022","NR17C2aF87P010",3.095,6.458,514,0.857
"y.112","Umudike_2022","Umudike","2022","NR17C2aF87P011",3.003,7.891,613,0.702
"y.113","Umudike_2022","Umudike","2022","NR17C2aF89P008",1.964,10.211,425,0.834
"y.114","Umudike_2022","Umudike","2022","NR17C2aF89P009",2.6,8.116,516,0.77
"y.115","Umudike_2022","Umudike","2022","NR17C2aF89P010",2.8,7.551,560,0.779
"y.116","Umudike_2022","Umudike","2022","NR17C2aF89P013",2.615,8.505,469,0.759
"y.117","Umudike_2022","Umudike","2022","NR17C2aF89P014",2.97,9.275,499,0.78
"y.118","Umudike_2022","Umudike","2022","NR17C2aF89P018",3.095,10.182,509,0.823
"y.119","Umudike_2022","Umudike","2022","NR17C2aF89P020",3.28,9.148,624,0.653
"y.120","Umudike_2022","Umudike","2022","NR17C2aF89P021",2.739,6.357,493,0.811
"y.121","Umudike_2022","Umudike","2022","NR17C2aF89P028",2.8,9.054,524,0.79
"y.122","Umudike_2022","Umudike","2022","NR17C2aF89P045",2.321,9.187,504,0.723
"y.123","Umudike_2022","Umudike","2022","NR17C2aF89P050",3.55,7.736,550,0.834
"y.124","Umudike_2022","Umudike","2022","NR17C2aF89P058",3.04,7.221,458,0.811
"y.125","Umudike_2022","Umudike","2022","NR17C2aF89P067",2.593,7.554,604,0.594
"y.126","Umudike_2022","Umudike","2022","NR17C2aF89P069",3.5,9.232,563,0.822
"y.127","Umudike_2022","Umudike","2022","NR17C2aF89P084",2.652,7.909,482,0.834
"y.128","Umudike_2022","Umudike","2022","NR17C2aF89P088",2.885,9.121,526,0.789
"y.129","Umudike_2022","Umudike","2022","NR17C2aF89P091",2.8,9.705,522,0.732
"y.130","Umudike_2022","Umudike","2022","NR17C2aF89P096",2.52,6.162,513,0.822
"y.131","Umudike_2022","Umudike","2022","NR17C2aF89P102",2.875,7.315,604,0.75
"y.132","Umudike_2022","Umudike","2022","NR17C2aF90P001",2.429,8.188,465,0.652
"y.133","Umudike_2022","Umudike","2022","NR17C2aF90P007",2.367,9.567,583,0.812
"y.134","Umudike_2022","Umudike","2022","NR17C2aF90P008",2.321,8.464,538,0.698
"y.135","Umudike_2022","Umudike","2022","NR17C2aF91P001",2.727,6.103,508,0.769
"y.136","Umudike_2022","Umudike","2022","NR17C2aF91P004",2.633,9.207,551,0.75
"y.137","Umudike_2022","Umudike","2022","NR17C2aF91P006",3.619,7.438,582,0.79
"y.138","Umudike_2022","Umudike","2022","NR17C2aF91P008",2.652,5.926,528,0.8
"y.139","Umudike_2022","Umudike","2022","NR17C2aF91P011",2.565,7.75,612,0.769
"y.140","Umudike_2022","Umudike","2022","NR17C2aF92P001",2.84,6.213,573,0.732
"y.141","Umudike_2022","Umudike","2022","NR17C2aF92P002",2.407,7.959,584,0.811
"y.142","Umudike_2022","Umudike","2022","NR17C2aF92P003",2.642,9.711,499,0.852
"y.143","Umudike_2022","Umudike","2022","NR17C2aF92P005",3.174,8.839,599,0.822
"y.144","Umudike_2022","Umudike","2022","NR17C2aF93P010",3.286,6.857,452,0.732
"y.145","Umudike_2022","Umudike","2022","NR17C2aF94P013",2.8,6.663,550,0.723
"y.146","Umudike_2022","Umudike","2022","NR17C2aF95P003",2.26,5.97,499.5,0.779
"y.147","Umudike_2022","Umudike","2022","NR17C2aF95P009",2.8,6.969,606,0.834
"y.148","Umudike_2022","Umudike","2022","NR17C2aF95P015",2.367,8.851,386,0.769
"y.149","Umudike_2022","Umudike","2022","NR17C2aF95P021",2.423,9.554,563,0.79
"y.150","Umudike_2022","Umudike","2022","NR17C2aF97P002",2.76,6.851,530,0.811
"y.151","Umudike_2022","Umudike","2022","NR17C2aF98P001",2.54,8.739,557,0.718
"y.152","Umudike_2022","Umudike","2022","NR17C2aF99P002",2.6,6.62,497,0.811
"y.153","Umudike_2022","Umudike","2022","NR17C2aF9P010",2.6,8.989,494,0.86
"y.154","Umudike_2022","Umudike","2022","NR17C2aF9P013",2.955,7.656,503,0.834
"y.155","Umudike_2022","Umudike","2022","NR8082",2.84,7.6,580,0.857
"y.156","Umudike_2022","Umudike","2022","TMEB419",2.833,9.778,612,0.87
"y.157","Umudike_2022","Umudike","2022","TMEB7",2.81,6.103,442,0.822
